Time,Value
    0.00 ,   0.2326
    0.01 ,   1.0540
    0.02 ,   0.6787
    0.03 ,   0.1373
    0.04 ,   1.8478
    0.05 ,   1.9022
    0.06 ,   1.4993
    0.07 ,   1.1390
    0.08 ,   0.9646
    0.09 ,   0.8721
    0.10 ,   1.2373
    0.11 ,   2.1434
    0.12 ,   1.3115
    0.13 ,   2.2907
    0.14 ,   2.5293
    0.15 ,   0.7445
    0.16 ,   1.6571
    0.17 ,   1.3420
    0.18 ,   2.4040
    0.19 ,   2.1287
    0.20 ,   2.4463
    0.21 ,   1.3752
    0.22 ,   1.4967
    0.23 ,   1.7249
    0.24 ,   1.7773
    0.25 ,   2.2480
    0.26 ,   1.1173
    0.27 ,   2.4333
    0.28 ,   1.4744
    0.29 ,   0.9610
    0.30 ,   2.0826
    0.31 ,   2.0881
    0.32 ,   1.5590
    0.33 ,   0.6668
    0.34 ,   2.5271
    0.35 ,   2.0860
    0.36 ,   2.2500
    0.37 ,   2.2719
    0.38 ,   1.5935
    0.39 ,   2.3170
    0.40 ,   1.2426
    0.41 ,   1.3717
    0.42 ,   2.1181
    0.43 ,   1.9591
    0.44 ,   1.7953
    0.45 ,   1.6601
    0.46 ,   1.4568
    0.47 ,   1.1262
    0.48 ,   1.6342
    0.49 ,   2.1858
    0.50 ,   1.3103
    0.51 ,   1.0952
    0.52 ,   1.7720
    0.53 ,   2.1275
    0.54 ,   1.6671
    0.55 ,   1.7877
    0.56 ,   2.0559
    0.57 ,   1.9526
    0.58 ,   0.7982
    0.59 ,   1.2733
    0.60 ,   1.3948
    0.61 ,   0.9700
    0.62 ,   0.8698
    0.63 ,   1.5750
    0.64 ,   0.7087
    0.65 ,   1.3661
    0.66 ,   1.5935
    0.67 ,   1.2785
    0.68 ,   1.9403
    0.69 ,   1.1696
    0.70 ,   0.9945
    0.71 ,   1.4196
    0.72 ,   1.2588
    0.73 ,   1.5385
    0.74 ,  -0.0002
    0.75 ,   1.3387
    0.76 ,   0.5150
    0.77 ,   0.9901
    0.78 ,   1.1614
    0.79 ,  -0.2800
    0.80 ,   0.6139
    0.81 ,   1.5774
    0.82 ,   0.1925
    0.83 ,   1.2311
    0.84 ,   0.8936
    0.85 ,   0.7812
    0.86 ,   0.2237
    0.87 ,   0.7889
    0.88 ,   0.4931
    0.89 ,   0.0971
    0.90 ,   0.8530
    0.91 ,  -0.3536
    0.92 ,   0.6312
    0.93 ,   0.6701
    0.94 ,   0.6852
    0.95 ,   0.1577
    0.96 ,  -0.2756
    0.97 ,   0.1365
    0.98 ,   0.5562
    0.99 ,   0.8712
    1.00 ,   0.4406
    1.01 ,   0.5214
    1.02 ,   0.8762
    1.03 ,   0.7639
    1.04 ,   0.2719
    1.05 ,   0.0525
    1.06 ,   0.2907
    1.07 ,  -0.3081
    1.08 ,   0.3623
    1.09 ,   0.8010
    1.10 ,   0.1580
    1.11 ,   1.0201
    1.12 ,   0.8990
    1.13 ,   0.1812
    1.14 ,   0.4672
    1.15 ,  -0.4324
    1.16 ,   0.3652
    1.17 ,   0.5087
    1.18 ,  -0.0179
    1.19 ,   0.3996
    1.20 ,   1.2819
    1.21 ,   0.5573
    1.22 ,   0.9483
    1.23 ,   0.6052
    1.24 ,   0.4011
    1.25 ,   0.4888
    1.26 ,   1.2120
    1.27 ,   1.2580
    1.28 ,   1.2675
    1.29 ,   0.4848
    1.30 ,   1.1688
    1.31 ,   1.2456
    1.32 ,   1.3874
    1.33 ,   0.8718
    1.34 ,   1.3342
    1.35 ,   0.4144
    1.36 ,   0.7185
    1.37 ,   0.6692
    1.38 ,   1.0126
    1.39 ,   1.4472
    1.40 ,   0.7919
    1.41 ,   1.3793
    1.42 ,   2.2506
    1.43 ,   2.1030
    1.44 ,   1.3575
    1.45 ,   1.0712
    1.46 ,   1.7193
    1.47 ,   1.8215
    1.48 ,   1.6854
    1.49 ,   2.4284
    1.50 ,   1.5804
    1.51 ,   2.2641
    1.52 ,   1.4100
    1.53 ,   1.0228
    1.54 ,   1.8370
    1.55 ,   1.7087
    1.56 ,   2.0987
    1.57 ,   2.0934
    1.58 ,   2.7940
    1.59 ,   1.2529
    1.60 ,   2.0859
    1.61 ,   2.8155
    1.62 ,   1.5767
    1.63 ,   2.0406
    1.64 ,   2.1403
    1.65 ,   3.0966
    1.66 ,   2.5564
    1.67 ,   2.2193
    1.68 ,   2.1771
    1.69 ,   2.9554
    1.70 ,   3.0497
    1.71 ,   2.1730
    1.72 ,   2.9711
    1.73 ,   2.8459
    1.74 ,   2.3628
    1.75 ,   2.6171
    1.76 ,   1.9662
    1.77 ,   2.1794
    1.78 ,   2.8913
    1.79 ,   3.2515
    1.80 ,   3.0682
    1.81 ,   2.3128
    1.82 ,   2.8774
    1.83 ,   2.5248
    1.84 ,   2.5040
    1.85 ,   2.4771
    1.86 ,   2.4666
    1.87 ,   2.5784
    1.88 ,   2.7985
    1.89 ,   2.5722
    1.90 ,   2.7726
    1.91 ,   2.9051
    1.92 ,   3.0760
    1.93 ,   2.4757
    1.94 ,   2.9325
    1.95 ,   2.2013
    1.96 ,   3.2308
    1.97 ,   2.5675
    1.98 ,   1.8956
    1.99 ,   1.9638
    2.00 ,   2.4001
    2.01 ,   2.4859
    2.02 ,   2.8553
    2.03 ,   2.7765
    2.04 ,   2.3551
    2.05 ,   2.6385
    2.06 ,   2.4445
    2.07 ,   1.4700
    2.08 ,   2.4272
    2.09 ,   2.5778
    2.10 ,   2.1975
    2.11 ,   1.4504
    2.12 ,   2.3396
    2.13 ,   2.2901
    2.14 ,   2.0054
    2.15 ,   2.6331
    2.16 ,   2.4281
    2.17 ,   1.5306
    2.18 ,   0.8013
    2.19 ,   2.5352
    2.20 ,   1.5651
    2.21 ,   1.3378
    2.22 ,   1.7856
    2.23 ,   0.8855
    2.24 ,   1.8201
    2.25 ,   1.7562
    2.26 ,   1.7894
    2.27 ,   1.9170
    2.28 ,   1.9902
    2.29 ,   1.9719
    2.30 ,   1.5820
    2.31 ,   2.0529
    2.32 ,   1.2488
    2.33 ,   1.9854
    2.34 ,   1.9253
    2.35 ,   1.4330
    2.36 ,   1.2388
    2.37 ,   1.9241
    2.38 ,   1.5477
    2.39 ,   0.4907
    2.40 ,   1.5556
    2.41 ,   0.8802
    2.42 ,   1.2694
    2.43 ,   0.9483
    2.44 ,   0.7672
    2.45 ,   1.0113
    2.46 ,   1.1876
    2.47 ,   1.0453
    2.48 ,   0.9172
    2.49 ,   1.7058
    2.50 ,   1.1287
    2.51 ,   1.0386
    2.52 ,   0.8516
    2.53 ,   0.8195
    2.54 ,   0.8590
    2.55 ,   0.3617
    2.56 ,   0.7443
    2.57 ,   1.1458
    2.58 ,   0.3735
    2.59 ,   1.3120
    2.60 ,   0.7359
    2.61 ,   0.5730
    2.62 ,   1.3852
    2.63 ,   0.5699
    2.64 ,   1.2725
    2.65 ,   1.2735
    2.66 ,   0.7562
    2.67 ,   1.3789
    2.68 ,   0.9715
    2.69 ,   0.1552
    2.70 ,   1.3211
    2.71 ,   0.7656
    2.72 ,   1.0846
    2.73 ,   1.0903
    2.74 ,   0.9798
    2.75 ,   1.4108
    2.76 ,   1.0887
    2.77 ,   0.4887
    2.78 ,   1.1618
    2.79 ,   1.5362
    2.80 ,   0.8420
    2.81 ,   1.0498
    2.82 ,   1.8655
    2.83 ,   1.8287
    2.84 ,   1.5212
    2.85 ,   1.1438
    2.86 ,   1.0889
    2.87 ,   1.3903
    2.88 ,   1.3476
    2.89 ,   0.9625
    2.90 ,   2.0151
    2.91 ,   1.4118
    2.92 ,   1.9262
    2.93 ,   2.1432
    2.94 ,   1.8273
    2.95 ,   1.4571
    2.96 ,   1.3845
    2.97 ,   1.7263
    2.98 ,   1.4219
    2.99 ,   1.6652
    3.00 ,   1.4998
    3.01 ,   1.4743
    3.02 ,   1.4851
    3.03 ,   2.5719
    3.04 ,   1.6283
    3.05 ,   1.1611
    3.06 ,   1.7468
    3.07 ,   1.9538
    3.08 ,   2.2575
    3.09 ,   1.7042
    3.10 ,   2.0087
    3.11 ,   2.3519
    3.12 ,   3.0909
    3.13 ,   2.3672
    3.14 ,   2.1135
    3.15 ,   2.6932
    3.16 ,   2.2483
    3.17 ,   2.6337
    3.18 ,   2.2414
    3.19 ,   2.9343
    3.20 ,   2.8645
    3.21 ,   2.9012
    3.22 ,   2.0268
    3.23 ,   2.8441
    3.24 ,   2.9235
    3.25 ,   3.0666
    3.26 ,   3.5641
    3.27 ,   2.2177
    3.28 ,   3.3137
    3.29 ,   2.8154
    3.30 ,   3.3135
    3.31 ,   3.3393
    3.32 ,   3.4780
    3.33 ,   3.1005
    3.34 ,   2.8890
    3.35 ,   3.4562
    3.36 ,   2.7755
    3.37 ,   2.8330
    3.38 ,   2.7890
    3.39 ,   2.6289
    3.40 ,   2.5350
    3.41 ,   2.4310
    3.42 ,   2.7971
    3.43 ,   2.7310
    3.44 ,   2.9949
    3.45 ,   2.3753
    3.46 ,   2.3897
    3.47 ,   2.3538
    3.48 ,   3.0327
    3.49 ,   2.6675
    3.50 ,   2.3098
    3.51 ,   2.8097
    3.52 ,   3.2681
    3.53 ,   3.1319
    3.54 ,   2.6281
    3.55 ,   2.7195
    3.56 ,   3.2035
    3.57 ,   2.4945
    3.58 ,   2.9969
    3.59 ,   2.9951
    3.60 ,   2.6857
    3.61 ,   2.4614
    3.62 ,   2.5719
    3.63 ,   3.1481
    3.64 ,   2.9888
    3.65 ,   2.3711
    3.66 ,   2.9201
    3.67 ,   2.0228
    3.68 ,   2.5861
    3.69 ,   1.9010
    3.70 ,   2.2504
    3.71 ,   2.4167
    3.72 ,   1.9809
    3.73 ,   1.8039
    3.74 ,   2.1516
    3.75 ,   2.3971
    3.76 ,   2.2170
    3.77 ,   1.9825
    3.78 ,   2.3737
    3.79 ,   2.1827
    3.80 ,   2.1969
    3.81 ,   1.3406
    3.82 ,   2.5869
    3.83 ,   1.9007
    3.84 ,   2.4213
    3.85 ,   1.0703
    3.86 ,   1.4855
    3.87 ,   1.7314
    3.88 ,   1.8895
    3.89 ,   1.5279
    3.90 ,   1.8964
    3.91 ,   2.0137
    3.92 ,   1.9482
    3.93 ,   0.9912
    3.94 ,   2.0002
    3.95 ,   1.4795
    3.96 ,   1.0830
    3.97 ,   2.0373
    3.98 ,   1.0167
    3.99 ,   2.0032
    4.00 ,   0.6753
    4.01 ,   1.0630
    4.02 ,   1.6615
    4.03 ,   1.0155
    4.04 ,   1.6395
    4.05 ,   1.1619
    4.06 ,   1.5829
    4.07 ,   1.3872
    4.08 ,   1.3675
    4.09 ,   1.7641
    4.10 ,   0.8845
    4.11 ,   0.8002
    4.12 ,   0.3680
    4.13 ,   1.1349
    4.14 ,   1.2768
    4.15 ,   0.3934
    4.16 ,   0.2067
    4.17 ,   0.6736
    4.18 ,   1.0274
    4.19 ,   0.4677
    4.20 ,   0.5127
    4.21 ,   0.6596
    4.22 ,   0.8823
    4.23 ,   0.7541
    4.24 ,   1.0112
    4.25 ,   1.2158
    4.26 ,   0.8529
    4.27 ,   0.5917
    4.28 ,   1.0151
    4.29 ,   0.8401
    4.30 ,   1.0048
    4.31 ,   1.3522
    4.32 ,   0.9238
    4.33 ,   1.3941
    4.34 ,   1.5607
    4.35 ,   1.2936
    4.36 ,   0.5798
    4.37 ,   1.4818
    4.38 ,   0.7507
    4.39 ,   1.0989
    4.40 ,   1.3925
    4.41 ,   1.3569
    4.42 ,   1.5848
    4.43 ,   1.3992
    4.44 ,   1.3002
    4.45 ,   1.2164
    4.46 ,   1.6692
    4.47 ,   1.5027
    4.48 ,   1.3915
    4.49 ,   2.1124
    4.50 ,   1.3400
    4.51 ,   1.9790
    4.52 ,   1.6655
    4.53 ,   1.9985
    4.54 ,   1.4068
    4.55 ,   1.9597
    4.56 ,   1.4523
    4.57 ,   1.9435
    4.58 ,   2.1198
    4.59 ,   2.5761
    4.60 ,   1.6893
    4.61 ,   1.4949
    4.62 ,   2.3185
    4.63 ,   1.5219
    4.64 ,   0.8733
    4.65 ,   2.1554
    4.66 ,   1.7380
    4.67 ,   1.8009
    4.68 ,   2.2194
    4.69 ,   2.1503
    4.70 ,   2.4429
    4.71 ,   2.2832
    4.72 ,   1.9648
    4.73 ,   2.7851
    4.74 ,   2.9769
    4.75 ,   2.2609
    4.76 ,   2.3190
    4.77 ,   2.7336
    4.78 ,   2.1921
    4.79 ,   2.8452
    4.80 ,   2.1739
    4.81 ,   2.3627
    4.82 ,   2.5684
    4.83 ,   2.4354
    4.84 ,   2.3708
    4.85 ,   2.6718
    4.86 ,   2.4742
    4.87 ,   2.9538
    4.88 ,   2.4923
    4.89 ,   2.2279
    4.90 ,   2.5203
    4.91 ,   3.1357
    4.92 ,   2.1637
    4.93 ,   2.4328
    4.94 ,   2.8745
    4.95 ,   2.6644
    4.96 ,   2.9695
    4.97 ,   2.3553
    4.98 ,   2.6985
    4.99 ,   2.1767
    5.00 ,   2.6159
    5.01 ,   2.9238
    5.02 ,   3.0195
    5.03 ,   2.7623
    5.04 ,   2.8736
    5.05 ,   2.7643
    5.06 ,   2.8054
    5.07 ,   2.8500
    5.08 ,   2.1736
    5.09 ,   2.6866
    5.10 ,   2.7685
    5.11 ,   1.8342
    5.12 ,   2.4498
    5.13 ,   2.1021
    5.14 ,   2.1780
    5.15 ,   2.9302
    5.16 ,   2.4427
    5.17 ,   3.2526
    5.18 ,   2.6480
    5.19 ,   2.4098
    5.20 ,   2.7601
    5.21 ,   2.8485
    5.22 ,   1.7196
    5.23 ,   2.0651
    5.24 ,   2.7335
    5.25 ,   2.5242
    5.26 ,   1.2155
    5.27 ,   2.5534
    5.28 ,   2.0997
    5.29 ,   2.7291
    5.30 ,   1.8283
    5.31 ,   2.0097
    5.32 ,   1.6811
    5.33 ,   1.8343
    5.34 ,   0.9436
    5.35 ,   2.6111
    5.36 ,   1.7258
    5.37 ,   1.4103
    5.38 ,   1.4047
    5.39 ,   1.3568
    5.40 ,   0.8122
    5.41 ,   0.3925
    5.42 ,   2.0027
    5.43 ,   1.3979
    5.44 ,   1.1358
    5.45 ,   1.9275
    5.46 ,   1.9642
    5.47 ,   0.8987
    5.48 ,   1.5716
    5.49 ,   0.8904
    5.50 ,   1.0270
    5.51 ,   1.2983
    5.52 ,   1.2965
    5.53 ,   1.0802
    5.54 ,   0.7302
    5.55 ,   0.5228
    5.56 ,   0.9817
    5.57 ,   1.1425
    5.58 ,   0.6865
    5.59 ,   0.7184
    5.60 ,   0.9258
    5.61 ,   0.5420
    5.62 ,   0.6994
    5.63 ,   0.8031
    5.64 ,   0.5975
    5.65 ,   0.6659
    5.66 ,   1.0022
    5.67 ,   0.6936
    5.68 ,   0.6464
    5.69 ,   0.7086
    5.70 ,   0.2430
    5.71 ,   0.9680
    5.72 ,   0.6737
    5.73 ,   0.4823
    5.74 ,   0.4601
    5.75 ,   0.7807
    5.76 ,   0.5206
    5.77 ,   0.4726
    5.78 ,   0.1400
    5.79 ,   1.1345
    5.80 ,   0.2244
    5.81 ,   0.3659
    5.82 ,   0.1861
    5.83 ,  -0.1342
    5.84 ,   0.8638
    5.85 ,   1.0783
    5.86 ,   0.5991
    5.87 ,   0.5129
    5.88 ,   0.8500
    5.89 ,  -0.0516
    5.90 ,   1.0380
    5.91 ,  -0.0323
    5.92 ,   1.3369
    5.93 ,   1.3602
    5.94 ,   1.4210
    5.95 ,   1.2279
    5.96 ,   0.6920
    5.97 ,   0.9265
    5.98 ,   0.3923
    5.99 ,   1.1260
    6.00 ,   0.9179
    6.01 ,   0.6290
    6.02 ,   0.8191
    6.03 ,   0.6193
    6.04 ,   1.5031
    6.05 ,   1.1799
    6.06 ,   1.5327
    6.07 ,   1.8024
    6.08 ,   0.6725
    6.09 ,   0.7845
    6.10 ,   1.3799
    6.11 ,   1.5699
    6.12 ,   1.6352
    6.13 ,   1.3282
    6.14 ,   0.5305
    6.15 ,   1.6858
    6.16 ,   1.6723
    6.17 ,   1.8079
    6.18 ,   1.8526
    6.19 ,   1.6806
    6.20 ,   0.9580
    6.21 ,   1.6256
    6.22 ,   1.9995
    6.23 ,   1.9918
    6.24 ,   1.2836
    6.25 ,   1.8459
    6.26 ,   2.2905
    6.27 ,   1.8168
    6.28 ,   1.2946
    6.29 ,   1.7048
    6.30 ,   1.8459
    6.31 ,   1.9687
    6.32 ,   2.3230
    6.33 ,   1.5050
    6.34 ,   1.9175
    6.35 ,   2.2781
    6.36 ,   1.8654
    6.37 ,   2.3412
    6.38 ,   2.2445
    6.39 ,   2.2547
    6.40 ,   1.8500
    6.41 ,   2.1763
    6.42 ,   2.3090
    6.43 ,   1.8363
    6.44 ,   1.9903
    6.45 ,   1.8037
    6.46 ,   2.6744
    6.47 ,   2.2078
    6.48 ,   1.9669
    6.49 ,   2.0348
    6.50 ,   2.2801
    6.51 ,   2.0126
    6.52 ,   1.8531
    6.53 ,   2.3993
    6.54 ,   2.2397
    6.55 ,   2.7080
    6.56 ,   2.8001
    6.57 ,   1.6718
    6.58 ,   1.8867
    6.59 ,   1.8974
    6.60 ,   2.3763
    6.61 ,   1.8075
    6.62 ,   2.1855
    6.63 ,   2.4173
    6.64 ,   2.1343
    6.65 ,   2.0005
    6.66 ,   2.0124
    6.67 ,   2.3459
    6.68 ,   2.5609
    6.69 ,   1.8938
    6.70 ,   2.2932
    6.71 ,   2.4663
    6.72 ,   2.0315
    6.73 ,   1.5102
    6.74 ,   1.6645
    6.75 ,   2.1350
    6.76 ,   1.7466
    6.77 ,   1.7389
    6.78 ,   1.6963
    6.79 ,   2.4945
    6.80 ,   1.9287
    6.81 ,   2.3503
    6.82 ,   1.2080
    6.83 ,   1.7779
    6.84 ,   1.3010
    6.85 ,   1.8543
    6.86 ,   2.0107
    6.87 ,   1.0500
    6.88 ,   1.6534
    6.89 ,   1.4439
    6.90 ,   1.5745
    6.91 ,   1.0956
    6.92 ,   0.9092
    6.93 ,   1.0407
    6.94 ,   1.3598
    6.95 ,   0.9674
    6.96 ,   1.3105
    6.97 ,   1.8082
    6.98 ,   1.4202
    6.99 ,   1.4724
    7.00 ,   1.0086
    7.01 ,   1.1849
    7.02 ,   1.4501
    7.03 ,   0.1324
    7.04 ,   0.7360
    7.05 ,   1.0352
    7.06 ,   1.0662
    7.07 ,   1.1796
    7.08 ,   0.9648
    7.09 ,   0.9545
    7.10 ,   0.2754
    7.11 ,   0.5100
    7.12 ,   0.1704
    7.13 ,   0.1531
    7.14 ,   0.3926
    7.15 ,   0.7164
    7.16 ,   1.0681
    7.17 ,   0.3202
    7.18 ,  -0.1345
    7.19 ,   0.6023
    7.20 ,   0.6837
    7.21 ,   0.0236
    7.22 ,   0.2510
    7.23 ,   0.1409
    7.24 ,   0.3073
    7.25 ,   0.2573
    7.26 ,   0.2300
    7.27 ,   0.5099
    7.28 ,   0.2534
    7.29 ,   0.6076
    7.30 ,   0.0391
    7.31 ,  -0.1732
    7.32 ,  -0.0156
    7.33 ,   0.0659
    7.34 ,   0.1162
    7.35 ,   0.4497
    7.36 ,   0.3579
    7.37 ,  -0.1763
    7.38 ,   0.5786
    7.39 ,   0.0636
    7.40 ,   0.0704
    7.41 ,   0.4142
    7.42 ,   0.2927
    7.43 ,   0.2331
    7.44 ,   0.5129
    7.45 ,   0.0437
    7.46 ,  -0.0253
    7.47 ,   0.3330
    7.48 ,   0.1495
    7.49 ,   0.2074
    7.50 ,   0.2967
    7.51 ,   0.3666
    7.52 ,   0.0972
    7.53 ,   0.7838
    7.54 ,   0.6590
    7.55 ,   0.1457
    7.56 ,   0.2117
    7.57 ,   0.4690
    7.58 ,   0.5847
    7.59 ,   0.4247
    7.60 ,   0.3281
    7.61 ,   0.3881
    7.62 ,   1.0932
    7.63 ,   0.8163
    7.64 ,   1.3512
    7.65 ,   0.9268
    7.66 ,   1.4421
    7.67 ,   0.4793
    7.68 ,   0.5267
    7.69 ,   1.0913
    7.70 ,   0.9821
    7.71 ,   1.0145
    7.72 ,   1.1134
    7.73 ,   1.4217
    7.74 ,   0.3130
    7.75 ,   1.8439
    7.76 ,   0.6342
    7.77 ,   1.2055
    7.78 ,   1.6463
    7.79 ,   0.8277
    7.80 ,   1.6962
    7.81 ,   1.3317
    7.82 ,   1.3702
    7.83 ,   1.8131
    7.84 ,   1.4691
    7.85 ,   1.4606
    7.86 ,   1.2638
    7.87 ,   2.0270
    7.88 ,   1.8181
    7.89 ,   1.5094
    7.90 ,   1.7957
    7.91 ,   2.0422
    7.92 ,   1.4298
    7.93 ,   2.1684
    7.94 ,   2.2783
    7.95 ,   2.0779
    7.96 ,   1.5025
    7.97 ,   1.7895
    7.98 ,   1.8132
    7.99 ,   1.6259
    8.00 ,   2.0299
    8.01 ,   1.7806
    8.02 ,   1.5368
    8.03 ,   1.5986
    8.04 ,   1.7888
    8.05 ,   2.4030
    8.06 ,   2.2944
    8.07 ,   2.4757
    8.08 ,   2.2845
    8.09 ,   1.7102
    8.10 ,   1.9737
    8.11 ,   2.2512
    8.12 ,   2.0625
    8.13 ,   2.4119
    8.14 ,   2.0690
    8.15 ,   2.2705
    8.16 ,   2.0743
    8.17 ,   2.3776
    8.18 ,   2.0854
    8.19 ,   2.4740
    8.20 ,   2.0234
    8.21 ,   1.7716
    8.22 ,   1.9394
    8.23 ,   1.9007
    8.24 ,   2.2806
    8.25 ,   2.3979
    8.26 ,   1.9889
    8.27 ,   1.5099
    8.28 ,   1.9715
    8.29 ,   1.6421
    8.30 ,   1.8399
    8.31 ,   2.2857
    8.32 ,   1.7480
    8.33 ,   1.4948
    8.34 ,   1.6405
    8.35 ,   1.8496
    8.36 ,   1.8144
    8.37 ,   1.5760
    8.38 ,   1.4508
    8.39 ,   1.2311
    8.40 ,   1.7315
    8.41 ,   1.6793
    8.42 ,   1.1435
    8.43 ,   1.5327
    8.44 ,   1.6837
    8.45 ,   0.8669
    8.46 ,   1.1585
    8.47 ,   1.6932
    8.48 ,   0.7681
    8.49 ,   1.1432
    8.50 ,   1.0869
    8.51 ,   0.6135
    8.52 ,   0.9643
    8.53 ,   1.5987
    8.54 ,   0.4003
    8.55 ,   0.2835
    8.56 ,   0.6891
    8.57 ,   0.5169
    8.58 ,   0.6929
    8.59 ,   0.7564
    8.60 ,   0.6544
    8.61 ,   1.0389
    8.62 ,   0.7013
    8.63 ,   0.1941
    8.64 ,   0.9030
    8.65 ,   0.5510
    8.66 ,   0.3632
    8.67 ,   0.4024
    8.68 ,  -0.1759
    8.69 ,   0.3561
    8.70 ,   0.7660
    8.71 ,   0.6348
    8.72 ,   0.2785
    8.73 ,   0.4040
    8.74 ,   0.1758
    8.75 ,   0.9229
    8.76 ,   0.1033
    8.77 ,   0.3413
    8.78 ,   0.1640
    8.79 ,  -0.3008
    8.80 ,   0.3697
    8.81 ,  -0.1503
    8.82 ,  -0.0140
    8.83 ,   0.1567
    8.84 ,   0.2101
    8.85 ,   0.5486
    8.86 ,   0.2366
    8.87 ,   0.3607
    8.88 ,   0.6619
    8.89 ,  -0.3741
    8.90 ,   0.3675
    8.91 ,   0.2156
    8.92 ,   0.3199
    8.93 ,  -0.0099
    8.94 ,   0.1419
    8.95 ,   0.4507
    8.96 ,   0.3728
    8.97 ,  -0.0347
    8.98 ,   0.3803
    8.99 ,   0.3099
    9.00 ,   0.5749
    9.01 ,  -0.2698
    9.02 ,   0.1200
    9.03 ,   0.3057
    9.04 ,   0.6309
    9.05 ,   0.4298
    9.06 ,   0.9744
    9.07 ,   0.7969
    9.08 ,   0.6665
    9.09 ,   1.3211
    9.10 ,   0.4984
    9.11 ,   0.9720
    9.12 ,   0.7189
    9.13 ,   0.7331
    9.14 ,   0.9724
    9.15 ,  -0.2184
    9.16 ,   0.7121
    9.17 ,   0.4252
    9.18 ,   0.3895
    9.19 ,   0.6066
    9.20 ,   0.5395
    9.21 ,   0.6984
    9.22 ,   0.8202
    9.23 ,   1.9859
    9.24 ,   0.7917
    9.25 ,   0.0596
    9.26 ,   1.5355
    9.27 ,   1.9237
    9.28 ,   1.0063
    9.29 ,   1.8334
    9.30 ,   0.8684
    9.31 ,   0.5022
    9.32 ,   1.8110
    9.33 ,   1.3395
    9.34 ,   1.5675
    9.35 ,   1.5561
    9.36 ,   1.5868
    9.37 ,   1.4926
    9.38 ,   2.0562
    9.39 ,   1.6890
    9.40 ,   2.0355
    9.41 ,   1.3817
    9.42 ,   1.3393
    9.43 ,   2.1117
    9.44 ,   1.7004
    9.45 ,   1.6935
    9.46 ,   2.1401
    9.47 ,   1.9130
    9.48 ,   2.1269
    9.49 ,   1.8223
    9.50 ,   1.9944
    9.51 ,   1.9480
    9.52 ,   1.7010
    9.53 ,   1.9523
    9.54 ,   2.0398
    9.55 ,   2.0922
    9.56 ,   1.9288
    9.57 ,   2.0785
    9.58 ,   2.8740
    9.59 ,   2.3532
    9.60 ,   2.2480
    9.61 ,   2.6544
    9.62 ,   1.9823
    9.63 ,   2.3689
    9.64 ,   2.5827
    9.65 ,   2.6847
    9.66 ,   2.1920
    9.67 ,   1.6041
    9.68 ,   1.5481
    9.69 ,   2.3675
    9.70 ,   2.4121
    9.71 ,   2.9051
    9.72 ,   2.5005
    9.73 ,   2.1577
    9.74 ,   2.5653
    9.75 ,   1.7205
    9.76 ,   1.9832
    9.77 ,   2.7561
    9.78 ,   2.1106
    9.79 ,   2.5908
    9.80 ,   2.3631
    9.81 ,   2.5988
    9.82 ,   2.0679
    9.83 ,   2.1604
    9.84 ,   1.4928
    9.85 ,   1.8416
    9.86 ,   2.4092
    9.87 ,   1.5146
    9.88 ,   2.6578
    9.89 ,   1.6745
    9.90 ,   1.9865
    9.91 ,   2.0854
    9.92 ,   2.3559
    9.93 ,   2.0496
    9.94 ,   1.9711
    9.95 ,   1.7175
    9.96 ,   1.7490
    9.97 ,   2.3540
    9.98 ,   1.6031
    9.99 ,   2.2595
   10.00 ,   1.4353
   10.01 ,   1.6414
   10.02 ,   1.2791
   10.03 ,   1.7340
   10.04 ,   2.0558
   10.05 ,   1.7691
   10.06 ,   1.8990
   10.07 ,   0.9621
   10.08 ,   1.3982
   10.09 ,   1.7705
   10.10 ,   1.2423
   10.11 ,   1.5668
   10.12 ,   1.6631
   10.13 ,   2.5205
   10.14 ,   0.9039
   10.15 ,   1.0848
   10.16 ,   1.3577
   10.17 ,   0.5526
   10.18 ,   1.4421
   10.19 ,   1.1566
   10.20 ,   1.3124
   10.21 ,   0.8857
   10.22 ,   0.7137
   10.23 ,   1.8261
   10.24 ,   1.1188
   10.25 ,   0.9937
   10.26 ,   0.2473
   10.27 ,   1.0439
   10.28 ,   1.4216
   10.29 ,   0.5297
   10.30 ,   0.6361
   10.31 ,   0.9925
   10.32 ,   0.7327
   10.33 ,   0.6197
   10.34 ,   0.9757
   10.35 ,   0.7610
   10.36 ,   0.9444
   10.37 ,   1.3036
   10.38 ,   0.6128
   10.39 ,   0.6174
   10.40 ,   1.0024
   10.41 ,   0.1206
   10.42 ,   0.1909
   10.43 ,   1.4215
   10.44 ,   0.0581
   10.45 ,   1.1148
   10.46 ,   0.6766
   10.47 ,   0.5727
   10.48 ,   0.7665
   10.49 ,   1.1748
   10.50 ,   0.7082
   10.51 ,   1.0575
   10.52 ,   1.1017
   10.53 ,   0.5823
   10.54 ,   0.5042
   10.55 ,   0.8318
   10.56 ,   1.2528
   10.57 ,   1.0339
   10.58 ,   0.8332
   10.59 ,   1.0909
   10.60 ,   0.4203
   10.61 ,   0.6607
   10.62 ,   0.9849
   10.63 ,   1.0020
   10.64 ,   0.6191
   10.65 ,   0.8159
   10.66 ,   0.8449
   10.67 ,   1.1792
   10.68 ,   1.3770
   10.69 ,   0.9303
   10.70 ,   0.8107
   10.71 ,   2.3334
   10.72 ,   1.5707
   10.73 ,   0.6462
   10.74 ,   1.8162
   10.75 ,   1.1781
   10.76 ,   1.7555
   10.77 ,   0.9260
   10.78 ,   1.6554
   10.79 ,   1.7804
   10.80 ,   2.3736
   10.81 ,   1.3332
   10.82 ,   1.7780
   10.83 ,   1.0000
   10.84 ,   1.2724
   10.85 ,   1.7048
   10.86 ,   1.6907
   10.87 ,   1.4577
   10.88 ,   2.3056
   10.89 ,   1.8691
   10.90 ,   1.8791
   10.91 ,   2.9810
   10.92 ,   2.3250
   10.93 ,   1.3917
   10.94 ,   1.6459
   10.95 ,   2.3587
   10.96 ,   2.9454
   10.97 ,   3.4349
   10.98 ,   2.4925
   10.99 ,   2.4937
   11.00 ,   2.4610
   11.01 ,   2.2435
   11.02 ,   1.7127
   11.03 ,   1.8195
   11.04 ,   2.1552
   11.05 ,   2.7019
   11.06 ,   3.1000
   11.07 ,   3.4910
   11.08 ,   3.5015
   11.09 ,   2.7152
   11.10 ,   2.5777
   11.11 ,   2.7418
   11.12 ,   2.6210
   11.13 ,   2.8236
   11.14 ,   2.9446
   11.15 ,   2.7554
   11.16 ,   3.4887
   11.17 ,   2.9491
   11.18 ,   2.3329
   11.19 ,   3.1523
   11.20 ,   3.4274
   11.21 ,   2.4165
   11.22 ,   3.1373
   11.23 ,   2.8067
   11.24 ,   3.0957
   11.25 ,   2.5674
   11.26 ,   2.0339
   11.27 ,   2.5133
   11.28 ,   2.5195
   11.29 ,   2.9564
   11.30 ,   2.1301
   11.31 ,   3.1834
   11.32 ,   2.5387
   11.33 ,   3.3446
   11.34 ,   3.0488
   11.35 ,   3.2044
   11.36 ,   2.7392
   11.37 ,   3.8333
   11.38 ,   1.7564
   11.39 ,   2.8235
   11.40 ,   2.5115
   11.41 ,   3.6477
   11.42 ,   3.3141
   11.43 ,   1.9330
   11.44 ,   2.4438
   11.45 ,   2.4734
   11.46 ,   2.9532
   11.47 ,   2.5830
   11.48 ,   1.9130
   11.49 ,   2.2374
   11.50 ,   2.2983
   11.51 ,   2.8235
   11.52 ,   1.7513
   11.53 ,   2.2424
   11.54 ,   2.2806
   11.55 ,   2.4140
   11.56 ,   2.3681
   11.57 ,   1.7981
   11.58 ,   1.5261
   11.59 ,   2.1744
   11.60 ,   1.5146
   11.61 ,   2.4389
   11.62 ,   3.1643
   11.63 ,   2.1242
   11.64 ,   2.5971
   11.65 ,   1.3268
   11.66 ,   2.0926
   11.67 ,   1.4551
   11.68 ,   2.7362
   11.69 ,   1.4716
   11.70 ,   2.6846
   11.71 ,   1.6310
   11.72 ,   1.7389
   11.73 ,   1.9551
   11.74 ,   1.7199
   11.75 ,   1.4491
   11.76 ,   2.0532
   11.77 ,   1.9371
   11.78 ,   2.0556
   11.79 ,   1.9466
   11.80 ,   1.3726
   11.81 ,   2.1598
   11.82 ,   1.5622
   11.83 ,   1.4896
   11.84 ,   1.7390
   11.85 ,   0.9217
   11.86 ,   1.8192
   11.87 ,   0.9937
   11.88 ,   1.8342
   11.89 ,   1.5419
   11.90 ,   0.7538
   11.91 ,   1.3419
   11.92 ,   1.1739
   11.93 ,   1.9225
   11.94 ,   0.3007
   11.95 ,   1.3583
   11.96 ,   1.0541
   11.97 ,   0.5360
   11.98 ,   2.0231
   11.99 ,   0.6748
   12.00 ,   1.7406
   12.01 ,   1.3968
   12.02 ,   0.7745
   12.03 ,   1.5331
   12.04 ,   1.0129
   12.05 ,   0.7169
   12.06 ,   0.6006
   12.07 ,   0.7620
   12.08 ,   0.7804
   12.09 ,   1.1164
   12.10 ,   1.2818
   12.11 ,   2.0129
   12.12 ,   0.7497
   12.13 ,   0.6176
   12.14 ,   1.3716
   12.15 ,   1.1958
   12.16 ,   1.5737
   12.17 ,   1.1207
   12.18 ,   1.1004
   12.19 ,   1.3857
   12.20 ,   1.1423
   12.21 ,   1.0636
   12.22 ,   1.5583
   12.23 ,   1.3501
   12.24 ,   1.3157
   12.25 ,   2.1204
   12.26 ,   1.0467
   12.27 ,   1.2851
   12.28 ,   0.9983
   12.29 ,   1.5331
   12.30 ,   1.8721
   12.31 ,   1.4997
   12.32 ,   2.3973
   12.33 ,   1.6018
   12.34 ,   1.5795
   12.35 ,   1.8199
   12.36 ,   2.1078
   12.37 ,   1.9510
   12.38 ,   1.3937
   12.39 ,   1.5021
   12.40 ,   1.3795
   12.41 ,   2.1004
   12.42 ,   2.1077
   12.43 ,   2.0137
   12.44 ,   3.3302
   12.45 ,   3.3532
   12.46 ,   2.7676
   12.47 ,   2.7935
   12.48 ,   2.2970
   12.49 ,   2.4879
   12.50 ,   2.2423
   12.51 ,   1.9233
   12.52 ,   2.1645
   12.53 ,   2.6227
   12.54 ,   2.8889
   12.55 ,   2.6328
   12.56 ,   3.5663
   12.57 ,   2.1669
   12.58 ,   3.4087
   12.59 ,   3.1866
   12.60 ,   3.1408
   12.61 ,   2.9487
   12.62 ,   2.9474
   12.63 ,   3.3714
   12.64 ,   3.1650
   12.65 ,   3.2949
   12.66 ,   2.3405
   12.67 ,   3.6260
   12.68 ,   3.2828
   12.69 ,   3.9449
   12.70 ,   3.5559
   12.71 ,   3.7121
   12.72 ,   4.1294
   12.73 ,   2.8594
   12.74 ,   4.2801
   12.75 ,   4.4548
   12.76 ,   3.3362
   12.77 ,   2.9396
   12.78 ,   3.0761
   12.79 ,   3.4279
   12.80 ,   3.3758
   12.81 ,   3.6857
   12.82 ,   2.8424
   12.83 ,   3.1154
   12.84 ,   4.2051
   12.85 ,   3.8455
   12.86 ,   3.1372
   12.87 ,   3.2674
   12.88 ,   3.3714
   12.89 ,   3.1009
   12.90 ,   3.1862
   12.91 ,   3.1993
   12.92 ,   2.6220
   12.93 ,   3.5117
   12.94 ,   3.7284
   12.95 ,   3.7149
   12.96 ,   3.1407
   12.97 ,   4.0156
   12.98 ,   2.7820
   12.99 ,   3.4592
   13.00 ,   3.0320
   13.01 ,   2.9132
   13.02 ,   2.6905
   13.03 ,   3.0150
   13.04 ,   3.3075
   13.05 ,   2.1504
   13.06 ,   3.2459
   13.07 ,   2.5994
   13.08 ,   3.4769
   13.09 ,   3.1311
   13.10 ,   3.5052
   13.11 ,   1.9168
   13.12 ,   2.1219
   13.13 ,   3.3802
   13.14 ,   3.2531
   13.15 ,   3.5000
   13.16 ,   1.8748
   13.17 ,   2.8135
   13.18 ,   3.5080
   13.19 ,   2.3111
   13.20 ,   2.3403
   13.21 ,   3.2443
   13.22 ,   1.5600
   13.23 ,   1.9847
   13.24 ,   2.4454
   13.25 ,   2.6046
   13.26 ,   3.6458
   13.27 ,   2.0335
   13.28 ,   1.9565
   13.29 ,   2.4597
   13.30 ,   2.1816
   13.31 ,   1.7585
   13.32 ,   1.4577
   13.33 ,   2.8794
   13.34 ,   3.0070
   13.35 ,   2.2510
   13.36 ,   1.4390
   13.37 ,   2.0836
   13.38 ,   1.9357
   13.39 ,   2.7268
   13.40 ,   2.5941
   13.41 ,   2.1874
   13.42 ,   1.6883
   13.43 ,   2.0178
   13.44 ,   1.5853
   13.45 ,   1.9563
   13.46 ,   2.1921
   13.47 ,   1.3869
   13.48 ,   1.4588
   13.49 ,   1.8121
   13.50 ,   1.0882
   13.51 ,   0.8530
   13.52 ,   1.9999
   13.53 ,   1.8495
   13.54 ,   1.2092
   13.55 ,   1.4192
   13.56 ,   1.5284
   13.57 ,   1.4743
   13.58 ,   1.1854
   13.59 ,   1.8178
   13.60 ,   2.6571
   13.61 ,   1.2950
   13.62 ,   1.5804
   13.63 ,   1.7064
   13.64 ,   1.4793
   13.65 ,   1.5685
   13.66 ,   2.5224
   13.67 ,   0.9635
   13.68 ,   1.7718
   13.69 ,   1.9821
   13.70 ,   1.6556
   13.71 ,   1.9458
   13.72 ,   0.8735
   13.73 ,   1.3532
   13.74 ,   1.4672
   13.75 ,   1.8880
   13.76 ,   1.4794
   13.77 ,   1.1850
   13.78 ,   1.1960
   13.79 ,   2.3441
   13.80 ,   2.1928
   13.81 ,   1.9032
   13.82 ,   2.4788
   13.83 ,   1.1989
   13.84 ,   2.1744
   13.85 ,   2.6576
   13.86 ,   2.5237
   13.87 ,   1.3286
   13.88 ,   2.6068
   13.89 ,   1.6285
   13.90 ,   2.2517
   13.91 ,   2.3772
   13.92 ,   2.6366
   13.93 ,   1.9852
   13.94 ,   1.4767
   13.95 ,   2.4415
   13.96 ,   2.4534
   13.97 ,   1.7926
   13.98 ,   1.7549
   13.99 ,   3.1897
   14.00 ,   2.4350
   14.01 ,   2.2889
   14.02 ,   2.6837
   14.03 ,   2.2901
   14.04 ,   2.0625
   14.05 ,   3.1819
   14.06 ,   2.8947
   14.07 ,   2.8275
   14.08 ,   3.3692
   14.09 ,   3.4436
   14.10 ,   2.7889
   14.11 ,   3.2114
   14.12 ,   3.6065
   14.13 ,   2.6201
   14.14 ,   3.4346
   14.15 ,   3.0726
   14.16 ,   2.6039
   14.17 ,   2.0589
   14.18 ,   3.1643
   14.19 ,   3.6618
   14.20 ,   3.6924
   14.21 ,   3.0170
   14.22 ,   2.9951
   14.23 ,   3.3164
   14.24 ,   3.4618
   14.25 ,   2.8943
   14.26 ,   3.7042
   14.27 ,   3.9932
   14.28 ,   3.4195
   14.29 ,   3.8039
   14.30 ,   4.2833
   14.31 ,   3.9090
   14.32 ,   3.6445
   14.33 ,   3.2238
   14.34 ,   3.5024
   14.35 ,   3.6252
   14.36 ,   3.1698
   14.37 ,   3.8223
   14.38 ,   3.1909
   14.39 ,   3.1303
   14.40 ,   3.6067
   14.41 ,   3.4440
   14.42 ,   3.4699
   14.43 ,   3.3681
   14.44 ,   3.2722
   14.45 ,   3.1768
   14.46 ,   3.2941
   14.47 ,   3.0459
   14.48 ,   3.8671
   14.49 ,   4.1688
   14.50 ,   2.5697
   14.51 ,   3.2876
   14.52 ,   3.1997
   14.53 ,   3.6960
   14.54 ,   3.2207
   14.55 ,   3.6915
   14.56 ,   3.0946
   14.57 ,   2.6399
   14.58 ,   3.3777
   14.59 ,   2.7775
   14.60 ,   3.4999
   14.61 ,   2.4700
   14.62 ,   2.8411
   14.63 ,   3.4789
   14.64 ,   2.7899
   14.65 ,   3.5878
   14.66 ,   1.6549
   14.67 ,   2.2810
   14.68 ,   2.9766
   14.69 ,   3.7687
   14.70 ,   1.9980
   14.71 ,   2.7358
   14.72 ,   1.8618
   14.73 ,   3.3851
   14.74 ,   2.3608
   14.75 ,   1.8832
   14.76 ,   3.2421
   14.77 ,   2.9438
   14.78 ,   2.2955
   14.79 ,   2.1887
   14.80 ,   2.1954
   14.81 ,   2.8306
   14.82 ,   2.0061
   14.83 ,   1.7868
   14.84 ,   1.3181
   14.85 ,   2.6109
   14.86 ,   2.0663
   14.87 ,   1.5268
   14.88 ,   2.6177
   14.89 ,   1.8830
   14.90 ,   1.1218
   14.91 ,   1.8046
   14.92 ,   2.2325
   14.93 ,   2.2665
   14.94 ,   1.8947
   14.95 ,   2.2528
   14.96 ,   1.3810
   14.97 ,   0.9894
   14.98 ,   2.0944
   14.99 ,   1.6464
   15.00 ,   1.0747
   15.01 ,   1.2462
   15.02 ,   2.3392
   15.03 ,   1.7355
   15.04 ,   1.1439
   15.05 ,   1.8998
   15.06 ,   0.9272
   15.07 ,   1.2661
   15.08 ,   1.1617
   15.09 ,   0.8599
   15.10 ,   1.2162
   15.11 ,   1.1473
   15.12 ,   0.9112
   15.13 ,   1.6765
   15.14 ,   2.2166
   15.15 ,   0.6145
   15.16 ,   1.8019
   15.17 ,   1.3116
   15.18 ,   1.4472
   15.19 ,   0.6108
   15.20 ,   1.7841
   15.21 ,   1.0699
   15.22 ,   0.9368
   15.23 ,   0.5717
   15.24 ,   1.3753
   15.25 ,   1.1022
   15.26 ,   2.1413
   15.27 ,   1.7690
   15.28 ,   1.2237
   15.29 ,   1.7005
   15.30 ,   0.9352
   15.31 ,   1.3020
   15.32 ,   1.0565
   15.33 ,   1.6893
   15.34 ,   0.4969
   15.35 ,   1.5299
   15.36 ,   0.8627
   15.37 ,   1.0072
   15.38 ,   1.1362
   15.39 ,   1.8635
   15.40 ,   2.1175
   15.41 ,   1.8695
   15.42 ,   1.0262
   15.43 ,   1.9746
   15.44 ,   2.1232
   15.45 ,   1.6819
   15.46 ,   2.1374
   15.47 ,   2.0113
   15.48 ,   1.7096
   15.49 ,   2.1157
   15.50 ,   2.1370
   15.51 ,   2.2998
   15.52 ,   2.6747
   15.53 ,   2.0133
   15.54 ,   2.9675
   15.55 ,   3.1913
   15.56 ,   1.7318
   15.57 ,   2.3086
   15.58 ,   2.1610
   15.59 ,   2.0190
   15.60 ,   2.3618
   15.61 ,   2.6528
   15.62 ,   2.3291
   15.63 ,   2.2922
   15.64 ,   1.8809
   15.65 ,   2.0354
   15.66 ,   1.7515
   15.67 ,   2.6279
   15.68 ,   3.2741
   15.69 ,   1.6165
   15.70 ,   1.4487
   15.71 ,   2.1027
   15.72 ,   2.7500
   15.73 ,   2.3796
   15.74 ,   2.3324
   15.75 ,   2.1041
   15.76 ,   2.3908
   15.77 ,   3.1441
   15.78 ,   2.8772
   15.79 ,   2.9344
   15.80 ,   2.6652
   15.81 ,   2.5537
   15.82 ,   2.6920
   15.83 ,   2.2216
   15.84 ,   2.2391
   15.85 ,   2.7461
   15.86 ,   3.6021
   15.87 ,   2.4065
   15.88 ,   2.8308
   15.89 ,   2.5559
   15.90 ,   3.0168
   15.91 ,   3.1255
   15.92 ,   3.3151
   15.93 ,   2.6583
   15.94 ,   2.5357
   15.95 ,   2.4347
   15.96 ,   2.8799
   15.97 ,   3.2284
   15.98 ,   3.6710
   15.99 ,   3.2290
   16.00 ,   2.7629
   16.01 ,   3.0279
   16.02 ,   2.2181
   16.03 ,   2.3452
   16.04 ,   2.2586
   16.05 ,   2.3878
   16.06 ,   3.0549
   16.07 ,   1.9702
   16.08 ,   1.9244
   16.09 ,   2.2830
   16.10 ,   2.5887
   16.11 ,   2.0399
   16.12 ,   2.8167
   16.13 ,   2.1039
   16.14 ,   3.3012
   16.15 ,   2.5374
   16.16 ,   2.1670
   16.17 ,   2.3476
   16.18 ,   1.5831
   16.19 ,   2.3297
   16.20 ,   2.9593
   16.21 ,   1.7535
   16.22 ,   2.3030
   16.23 ,   2.3217
   16.24 ,   1.9823
   16.25 ,   1.7115
   16.26 ,   2.8382
   16.27 ,   2.0200
   16.28 ,   2.1924
   16.29 ,   2.1512
   16.30 ,   1.5664
   16.31 ,   2.0807
   16.32 ,   1.0856
   16.33 ,   1.6503
   16.34 ,   1.6173
   16.35 ,   2.3280
   16.36 ,   1.0448
   16.37 ,   2.3265
   16.38 ,   1.5893
   16.39 ,   1.5598
   16.40 ,   0.3150
   16.41 ,   1.4086
   16.42 ,   0.2897
   16.43 ,   1.7698
   16.44 ,   0.7258
   16.45 ,   0.4031
   16.46 ,   1.6143
   16.47 ,   2.3592
   16.48 ,   1.6602
   16.49 ,   1.6222
   16.50 ,   1.2982
   16.51 ,   0.9136
   16.52 ,   0.7805
   16.53 ,   0.6471
   16.54 ,   0.9974
   16.55 ,   1.3514
   16.56 ,   0.1021
   16.57 ,   0.8942
   16.58 ,   0.7709
   16.59 ,  -0.5192
   16.60 ,   0.7294
   16.61 ,   0.2657
   16.62 ,   0.4169
   16.63 ,  -0.2612
   16.64 ,   0.4725
   16.65 ,   0.8572
   16.66 ,   0.0184
   16.67 ,  -0.1154
   16.68 ,  -0.1137
   16.69 ,  -0.1397
   16.70 ,   0.8284
   16.71 ,   1.1901
   16.72 ,  -0.0658
   16.73 ,   0.3080
   16.74 ,   0.2880
   16.75 ,  -0.5740
   16.76 ,   0.6017
   16.77 ,   0.4706
   16.78 ,   0.7038
   16.79 ,   0.3482
   16.80 ,   0.6673
   16.81 ,   0.6288
   16.82 ,   0.5008
   16.83 ,   0.9462
   16.84 ,   0.4785
   16.85 ,   0.3321
   16.86 ,   0.3007
   16.87 ,  -0.1168
   16.88 ,  -0.4295
   16.89 ,   0.1201
   16.90 ,   0.4607
   16.91 ,  -0.0262
   16.92 ,   0.2687
   16.93 ,  -0.1255
   16.94 ,   1.3851
   16.95 ,   0.7197
   16.96 ,  -0.2740
   16.97 ,   0.6578
   16.98 ,  -0.7549
   16.99 ,   0.6114
   17.00 ,   0.8568
   17.01 ,   0.8536
   17.02 ,   1.1163
   17.03 ,   1.1926
   17.04 ,   1.6004
   17.05 ,   0.9098
   17.06 ,   0.8883
   17.07 ,   0.0873
   17.08 ,   1.9258
   17.09 ,   0.1203
   17.10 ,   0.6412
   17.11 ,   0.0695
   17.12 ,   0.3842
   17.13 ,   1.2147
   17.14 ,   0.4869
   17.15 ,   0.3489
   17.16 ,   1.5588
   17.17 ,   1.6767
   17.18 ,   1.3872
   17.19 ,   0.3315
   17.20 ,   0.8291
   17.21 ,   2.0186
   17.22 ,   0.0836
   17.23 ,   1.5627
   17.24 ,   0.8087
   17.25 ,   1.9118
   17.26 ,   0.2221
   17.27 ,   1.4319
   17.28 ,   1.6086
   17.29 ,   0.7707
   17.30 ,   0.9916
   17.31 ,   0.8732
   17.32 ,   1.4041
   17.33 ,   1.2027
   17.34 ,   1.7464
   17.35 ,   2.2200
   17.36 ,   1.2828
   17.37 ,   0.5659
   17.38 ,   1.4913
   17.39 ,   1.8762
   17.40 ,   2.4917
   17.41 ,   2.2517
   17.42 ,   1.8204
   17.43 ,   1.9902
   17.44 ,   1.6132
   17.45 ,   1.1637
   17.46 ,   1.7547
   17.47 ,   2.2120
   17.48 ,   1.6452
   17.49 ,   2.1320
   17.50 ,   1.6002
   17.51 ,   1.9168
   17.52 ,   2.0858
   17.53 ,   1.6114
   17.54 ,   1.5171
   17.55 ,   1.5264
   17.56 ,   2.0440
   17.57 ,   1.3396
   17.58 ,   2.4350
   17.59 ,   1.4442
   17.60 ,   1.7355
   17.61 ,   1.1328
   17.62 ,   1.1840
   17.63 ,   1.8412
   17.64 ,   1.8985
   17.65 ,   2.1093
   17.66 ,   1.3157
   17.67 ,   1.1013
   17.68 ,   2.1841
   17.69 ,   1.2274
   17.70 ,   1.1625
   17.71 ,   1.3097
   17.72 ,   2.1451
   17.73 ,   0.2578
   17.74 ,   0.9311
   17.75 ,   1.0275
   17.76 ,   1.4223
   17.77 ,   0.2165
   17.78 ,   1.1045
   17.79 ,   1.4949
   17.80 ,   0.0238
   17.81 ,   0.9908
   17.82 ,   1.8160
   17.83 ,   1.5088
   17.84 ,   0.6369
   17.85 ,   0.5899
   17.86 ,   0.8381
   17.87 ,   1.4288
   17.88 ,   0.9181
   17.89 ,   0.1279
   17.90 ,   0.5757
   17.91 ,  -0.0140
   17.92 ,  -0.5409
   17.93 ,  -0.1658
   17.94 ,   0.0432
   17.95 ,  -0.5667
   17.96 ,   0.5169
   17.97 ,   0.1281
   17.98 ,  -0.7697
   17.99 ,   0.9485
   18.00 ,  -0.8712
   18.01 ,   0.2790
   18.02 ,   0.1124
   18.03 ,   0.3094
   18.04 ,  -0.7188
   18.05 ,   0.5012
   18.06 ,  -0.6032
   18.07 ,  -0.9245
   18.08 ,  -0.5093
   18.09 ,  -0.1258
   18.10 ,   0.1523
   18.11 ,  -0.0566
   18.12 ,   0.1248
   18.13 ,   0.2834
   18.14 ,  -0.7555
   18.15 ,  -0.8891
   18.16 ,  -0.1376
   18.17 ,  -0.5835
   18.18 ,  -0.3548
   18.19 ,  -0.2147
   18.20 ,  -0.2661
   18.21 ,  -1.2210
   18.22 ,  -1.1661
   18.23 ,  -0.4150
   18.24 ,  -0.5315
   18.25 ,  -0.3518
   18.26 ,  -1.2903
   18.27 ,  -0.1682
   18.28 ,  -0.8231
   18.29 ,  -1.1783
   18.30 ,  -0.9532
   18.31 ,  -1.5074
   18.32 ,  -1.3505
   18.33 ,  -0.8750
   18.34 ,  -1.3512
   18.35 ,  -1.3339
   18.36 ,  -0.8309
   18.37 ,  -0.4873
   18.38 ,  -0.4932
   18.39 ,  -1.4708
   18.40 ,  -1.0926
   18.41 ,  -1.0091
   18.42 ,  -1.4487
   18.43 ,  -0.6778
   18.44 ,  -0.9453
   18.45 ,  -1.0705
   18.46 ,  -0.7724
   18.47 ,  -1.0135
   18.48 ,  -1.1181
   18.49 ,  -0.5827
   18.50 ,  -0.2938
   18.51 ,  -0.9319
   18.52 ,  -1.5240
   18.53 ,  -1.1048
   18.54 ,  -0.9947
   18.55 ,  -1.2767
   18.56 ,  -0.6166
   18.57 ,  -0.5066
   18.58 ,  -0.8922
   18.59 ,  -0.2444
   18.60 ,  -1.3576
   18.61 ,  -0.6630
   18.62 ,   0.4157
   18.63 ,  -0.6512
   18.64 ,  -0.4914
   18.65 ,   0.2261
   18.66 ,  -0.1855
   18.67 ,  -1.2154
   18.68 ,  -0.0555
   18.69 ,  -1.6472
   18.70 ,  -0.4505
   18.71 ,   0.2033
   18.72 ,  -0.2868
   18.73 ,   0.3242
   18.74 ,  -0.7339
   18.75 ,  -0.1088
   18.76 ,   0.1902
   18.77 ,  -0.4961
   18.78 ,   0.4620
   18.79 ,   0.0983
   18.80 ,  -0.0134
   18.81 ,  -0.0398
   18.82 ,   0.7400
   18.83 ,   0.0148
   18.84 ,  -0.4749
   18.85 ,  -0.3511
   18.86 ,   0.1839
   18.87 ,   0.3559
   18.88 ,   0.5396
   18.89 ,  -0.0096
   18.90 ,  -0.0943
   18.91 ,   0.5066
   18.92 ,  -0.2141
   18.93 ,   0.4800
   18.94 ,  -0.5768
   18.95 ,  -0.0574
   18.96 ,   0.0594
   18.97 ,   0.8420
   18.98 ,  -0.1268
   18.99 ,   0.1623
   19.00 ,   0.5206
   19.01 ,   0.1179
   19.02 ,   0.5616
   19.03 ,   0.8724
   19.04 ,   1.0528
   19.05 ,   0.5863
   19.06 ,   0.3942
   19.07 ,   0.7024
   19.08 ,   0.1628
   19.09 ,  -0.1782
   19.10 ,   0.7059
   19.11 ,   1.4250
   19.12 ,   0.5380
   19.13 ,   0.9204
   19.14 ,   0.3144
   19.15 ,   0.9546
   19.16 ,   0.7578
   19.17 ,   0.1810
   19.18 ,  -0.2818
   19.19 ,   0.1465
   19.20 ,  -0.0255
   19.21 ,  -0.4448
   19.22 ,   0.2606
   19.23 ,  -0.1295
   19.24 ,   0.4507
   19.25 ,   0.6544
   19.26 ,   0.1708
   19.27 ,   0.9224
   19.28 ,  -0.0665
   19.29 ,   0.3758
   19.30 ,  -0.6759
   19.31 ,   0.2267
   19.32 ,  -0.2353
   19.33 ,  -0.2654
   19.34 ,  -0.6368
   19.35 ,   0.6288
   19.36 ,   0.3435
   19.37 ,   0.4355
   19.38 ,  -0.6241
   19.39 ,  -1.1918
   19.40 ,  -0.3623
   19.41 ,  -0.2963
   19.42 ,  -0.0765
   19.43 ,  -0.0716
   19.44 ,  -0.3240
   19.45 ,  -0.8111
   19.46 ,  -0.2275
   19.47 ,  -0.2141
   19.48 ,   0.4248
   19.49 ,  -0.5295
   19.50 ,  -0.1039
   19.51 ,  -0.4360
   19.52 ,  -1.1308
   19.53 ,  -0.8214
   19.54 ,  -0.8783
   19.55 ,  -1.4055
   19.56 ,  -0.3910
   19.57 ,  -0.1634
   19.58 ,  -0.9922
   19.59 ,  -1.8489
   19.60 ,  -0.5504
   19.61 ,  -1.3081
   19.62 ,  -0.3108
   19.63 ,  -1.0583
   19.64 ,  -1.8996
   19.65 ,  -1.7772
   19.66 ,  -1.0849
   19.67 ,  -1.7935
   19.68 ,  -1.5657
   19.69 ,  -2.1735
   19.70 ,  -1.2194
   19.71 ,  -0.8056
   19.72 ,  -2.1703
   19.73 ,  -1.9351
   19.74 ,  -1.5421
   19.75 ,  -1.1021
   19.76 ,  -1.9179
   19.77 ,  -2.4856
   19.78 ,  -1.3363
   19.79 ,  -2.3069
   19.80 ,  -2.1281
   19.81 ,  -2.2616
   19.82 ,  -1.2463
   19.83 ,  -1.8536
   19.84 ,  -2.1229
   19.85 ,  -1.9143
   19.86 ,  -1.4936
   19.87 ,  -1.8871
   19.88 ,  -1.9570
   19.89 ,  -1.8257
   19.90 ,  -2.2829
   19.91 ,  -2.0499
   19.92 ,  -2.1869
   19.93 ,  -1.9114
   19.94 ,  -2.2749
   19.95 ,  -1.6047
   19.96 ,  -1.5148
   19.97 ,  -2.0100
   19.98 ,  -1.9759
   19.99 ,  -1.9154
   20.00 ,  -1.4012
   20.01 ,  -1.8425
   20.02 ,  -2.8054
   20.03 ,  -2.0974
   20.04 ,  -1.5969
   20.05 ,  -2.3385
   20.06 ,  -1.9889
   20.07 ,  -1.9190
   20.08 ,  -1.7989
   20.09 ,  -0.9617
   20.10 ,  -1.4950
   20.11 ,  -1.3852
   20.12 ,  -1.3374
   20.13 ,  -2.1857
   20.14 ,  -1.9267
   20.15 ,  -1.6235
   20.16 ,  -2.0264
   20.17 ,  -1.3443
   20.18 ,  -1.4075
   20.19 ,  -1.7299
   20.20 ,  -1.5807
   20.21 ,  -0.9631
   20.22 ,  -1.6844
   20.23 ,  -1.0773
   20.24 ,  -1.8486
   20.25 ,  -1.7576
   20.26 ,  -1.7410
   20.27 ,  -1.7300
   20.28 ,  -1.8141
   20.29 ,  -1.5424
   20.30 ,  -1.4877
   20.31 ,  -1.4273
   20.32 ,  -1.1526
   20.33 ,  -0.3143
   20.34 ,  -0.4357
   20.35 ,  -1.4918
   20.36 ,  -0.9312
   20.37 ,   0.0440
   20.38 ,  -1.0426
   20.39 ,  -1.0075
   20.40 ,  -1.2502
   20.41 ,  -0.4297
   20.42 ,  -0.5004
   20.43 ,  -1.2007
   20.44 ,  -0.9051
   20.45 ,  -1.0290
   20.46 ,  -1.6260
   20.47 ,  -0.4575
   20.48 ,  -0.4822
   20.49 ,  -0.0540
   20.50 ,  -0.2798
   20.51 ,  -0.5824
   20.52 ,  -0.5293
   20.53 ,  -0.9355
   20.54 ,  -0.3406
   20.55 ,  -0.0347
   20.56 ,  -0.3663
   20.57 ,  -0.1351
   20.58 ,  -0.1593
   20.59 ,  -1.1269
   20.60 ,  -1.0053
   20.61 ,  -0.0610
   20.62 ,  -0.0097
   20.63 ,  -0.5406
   20.64 ,  -0.7663
   20.65 ,  -0.2681
   20.66 ,  -0.7900
   20.67 ,  -0.2104
   20.68 ,  -0.7326
   20.69 ,  -0.6535
   20.70 ,  -0.7342
   20.71 ,  -1.0136
   20.72 ,  -0.2687
   20.73 ,  -0.3521
   20.74 ,  -0.0573
   20.75 ,  -0.8005
   20.76 ,  -0.4373
   20.77 ,  -0.5243
   20.78 ,  -0.2648
   20.79 ,  -0.0856
   20.80 ,  -0.8738
   20.81 ,  -0.2983
   20.82 ,  -0.9268
   20.83 ,  -0.9887
   20.84 ,  -0.8411
   20.85 ,  -1.1753
   20.86 ,  -0.9656
   20.87 ,  -0.4030
   20.88 ,   0.1181
   20.89 ,  -0.9307
   20.90 ,  -1.5843
   20.91 ,  -0.2791
   20.92 ,  -0.7349
   20.93 ,  -2.0568
   20.94 ,  -0.8599
   20.95 ,  -1.3631
   20.96 ,  -0.4399
   20.97 ,  -1.3299
   20.98 ,  -0.8827
   20.99 ,  -1.5368
   21.00 ,  -0.9879
   21.01 ,  -0.9091
   21.02 ,  -0.5434
   21.03 ,  -1.1150
   21.04 ,  -1.8392
   21.05 ,  -0.9125
   21.06 ,  -1.2875
   21.07 ,  -0.6530
   21.08 ,  -0.9950
   21.09 ,  -1.9364
   21.10 ,  -1.8144
   21.11 ,  -1.3748
   21.12 ,  -1.4592
   21.13 ,  -1.9896
   21.14 ,  -1.4655
   21.15 ,  -1.9989
   21.16 ,  -1.7048
   21.17 ,  -1.2440
   21.18 ,  -1.8439
   21.19 ,  -2.4261
   21.20 ,  -3.0219
   21.21 ,  -1.9654
   21.22 ,  -2.4951
   21.23 ,  -2.5391
   21.24 ,  -2.2545
   21.25 ,  -2.2895
   21.26 ,  -2.3066
   21.27 ,  -2.7235
   21.28 ,  -2.4102
   21.29 ,  -2.8669
   21.30 ,  -1.9512
   21.31 ,  -2.6953
   21.32 ,  -2.1059
   21.33 ,  -2.5257
   21.34 ,  -2.2692
   21.35 ,  -2.4971
   21.36 ,  -2.6216
   21.37 ,  -2.1219
   21.38 ,  -2.5275
   21.39 ,  -2.0262
   21.40 ,  -2.3172
   21.41 ,  -2.1499
   21.42 ,  -2.3899
   21.43 ,  -2.5006
   21.44 ,  -2.4747
   21.45 ,  -2.1238
   21.46 ,  -2.9529
   21.47 ,  -2.5892
   21.48 ,  -2.7263
   21.49 ,  -3.0638
   21.50 ,  -2.2077
   21.51 ,  -2.1590
   21.52 ,  -2.7722
   21.53 ,  -1.9830
   21.54 ,  -2.8256
   21.55 ,  -2.8247
   21.56 ,  -2.9309
   21.57 ,  -1.9023
   21.58 ,  -2.8272
   21.59 ,  -2.7503
   21.60 ,  -2.2782
   21.61 ,  -2.7592
   21.62 ,  -2.2174
   21.63 ,  -1.7192
   21.64 ,  -2.4385
   21.65 ,  -2.5754
   21.66 ,  -1.6579
   21.67 ,  -2.4399
   21.68 ,  -2.0213
   21.69 ,  -2.3828
   21.70 ,  -2.2397
   21.71 ,  -2.7067
   21.72 ,  -2.3981
   21.73 ,  -1.6786
   21.74 ,  -1.6759
   21.75 ,  -2.3219
   21.76 ,  -1.2234
   21.77 ,  -1.0893
   21.78 ,  -2.2057
   21.79 ,  -2.9305
   21.80 ,  -2.2675
   21.81 ,  -1.8819
   21.82 ,  -1.4909
   21.83 ,  -1.8523
   21.84 ,  -2.0337
   21.85 ,  -1.9924
   21.86 ,  -1.5325
   21.87 ,  -1.1361
   21.88 ,  -1.1315
   21.89 ,  -1.7188
   21.90 ,  -2.0731
   21.91 ,  -1.3522
   21.92 ,  -1.3546
   21.93 ,  -1.9612
   21.94 ,  -2.1002
   21.95 ,  -1.4419
   21.96 ,  -1.2609
   21.97 ,  -1.2745
   21.98 ,  -1.4218
   21.99 ,  -0.9555
   22.00 ,  -0.5511
   22.01 ,  -0.5038
   22.02 ,  -0.1682
   22.03 ,  -1.3703
   22.04 ,  -1.0250
   22.05 ,  -0.8185
   22.06 ,  -1.5258
   22.07 ,  -0.3742
   22.08 ,  -0.2025
   22.09 ,  -0.4939
   22.10 ,  -0.1994
   22.11 ,  -1.0128
   22.12 ,  -1.0668
   22.13 ,  -1.1189
   22.14 ,  -0.6999
   22.15 ,  -0.9527
   22.16 ,  -0.6142
   22.17 ,  -0.6170
   22.18 ,  -1.1827
   22.19 ,  -1.1693
   22.20 ,  -0.6113
   22.21 ,  -0.7235
   22.22 ,  -0.7254
   22.23 ,  -0.7756
   22.24 ,  -0.9986
   22.25 ,  -1.0248
   22.26 ,  -0.3660
   22.27 ,  -0.5069
   22.28 ,  -0.8867
   22.29 ,  -0.8728
   22.30 ,  -0.5752
   22.31 ,  -1.0127
   22.32 ,  -0.6619
   22.33 ,  -0.6180
   22.34 ,  -0.6881
   22.35 ,  -0.6844
   22.36 ,  -1.1071
   22.37 ,  -1.3754
   22.38 ,  -0.5107
   22.39 ,  -0.4561
   22.40 ,  -0.3330
   22.41 ,  -1.2214
   22.42 ,  -1.8942
   22.43 ,  -0.8854
   22.44 ,  -1.3572
   22.45 ,  -0.7138
   22.46 ,  -1.7706
   22.47 ,  -1.0874
   22.48 ,  -1.8413
   22.49 ,  -0.7529
   22.50 ,  -0.9612
   22.51 ,  -1.6171
   22.52 ,  -1.3491
   22.53 ,  -1.0020
   22.54 ,  -2.0887
   22.55 ,  -1.5202
   22.56 ,  -0.7797
   22.57 ,  -0.3072
   22.58 ,  -2.1808
   22.59 ,  -1.1264
   22.60 ,  -1.8857
   22.61 ,  -2.1306
   22.62 ,  -0.6144
   22.63 ,  -1.7400
   22.64 ,  -1.3014
   22.65 ,  -2.4844
   22.66 ,  -0.9883
   22.67 ,  -1.0885
   22.68 ,  -1.2843
   22.69 ,  -1.5844
   22.70 ,  -2.6719
   22.71 ,  -1.7388
   22.72 ,  -1.0947
   22.73 ,  -1.6340
   22.74 ,  -2.1233
   22.75 ,  -2.9682
   22.76 ,  -2.1900
   22.77 ,  -2.9650
   22.78 ,  -2.0165
   22.79 ,  -2.0663
   22.80 ,  -2.2977
   22.81 ,  -2.3768
   22.82 ,  -2.4449
   22.83 ,  -2.1232
   22.84 ,  -2.6819
   22.85 ,  -1.3628
   22.86 ,  -2.0037
   22.87 ,  -2.2316
   22.88 ,  -1.5300
   22.89 ,  -2.2018
   22.90 ,  -1.9089
   22.91 ,  -2.8989
   22.92 ,  -2.4277
   22.93 ,  -2.3155
   22.94 ,  -2.5973
   22.95 ,  -2.5385
   22.96 ,  -2.6434
   22.97 ,  -2.4423
   22.98 ,  -3.0725
   22.99 ,  -2.9845
   23.00 ,  -2.6366
   23.01 ,  -1.9159
   23.02 ,  -3.1952
   23.03 ,  -2.5831
   23.04 ,  -3.1927
   23.05 ,  -2.4917
   23.06 ,  -2.9306
   23.07 ,  -2.1398
   23.08 ,  -2.2353
   23.09 ,  -3.0298
   23.10 ,  -2.0712
   23.11 ,  -2.1363
   23.12 ,  -2.5221
   23.13 ,  -2.5599
   23.14 ,  -2.3427
   23.15 ,  -2.6203
   23.16 ,  -2.5094
   23.17 ,  -2.8501
   23.18 ,  -1.8970
   23.19 ,  -2.9588
   23.20 ,  -2.0010
   23.21 ,  -1.6155
   23.22 ,  -1.6038
   23.23 ,  -2.1796
   23.24 ,  -3.0632
   23.25 ,  -2.4644
   23.26 ,  -1.7575
   23.27 ,  -1.6714
   23.28 ,  -2.3938
   23.29 ,  -3.0739
   23.30 ,  -1.5391
   23.31 ,  -2.0024
   23.32 ,  -3.1374
   23.33 ,  -1.3897
   23.34 ,  -2.0527
   23.35 ,  -1.5651
   23.36 ,  -1.0499
   23.37 ,  -2.1510
   23.38 ,  -1.1967
   23.39 ,  -2.2218
   23.40 ,  -1.5697
   23.41 ,  -1.1946
   23.42 ,  -0.9814
   23.43 ,  -1.1214
   23.44 ,  -1.0968
   23.45 ,  -1.5738
   23.46 ,  -1.7029
   23.47 ,  -1.2692
   23.48 ,  -1.9390
   23.49 ,  -0.6295
   23.50 ,  -0.8194
   23.51 ,  -1.9840
   23.52 ,  -1.0911
   23.53 ,  -1.5232
   23.54 ,  -0.3347
   23.55 ,  -0.9827
   23.56 ,  -2.2334
   23.57 ,  -1.3921
   23.58 ,  -0.4137
   23.59 ,  -1.6256
   23.60 ,  -0.7461
   23.61 ,  -1.1373
   23.62 ,  -0.4696
   23.63 ,  -1.7126
   23.64 ,   0.2046
   23.65 ,  -0.9967
   23.66 ,  -0.4092
   23.67 ,  -0.4314
   23.68 ,  -0.3021
   23.69 ,  -0.4108
   23.70 ,  -0.0894
   23.71 ,  -0.5039
   23.72 ,   0.5116
   23.73 ,  -0.8800
   23.74 ,  -0.8894
   23.75 ,  -0.2380
   23.76 ,   0.2099
   23.77 ,   0.0628
   23.78 ,  -0.3207
   23.79 ,  -0.9277
   23.80 ,  -0.8091
   23.81 ,  -1.2395
   23.82 ,  -0.9794
   23.83 ,  -0.2423
   23.84 ,   0.3073
   23.85 ,   0.0109
   23.86 ,  -1.4660
   23.87 ,   0.0707
   23.88 ,  -0.8051
   23.89 ,  -0.6537
   23.90 ,  -0.3922
   23.91 ,  -0.9806
   23.92 ,  -1.2221
   23.93 ,  -0.0080
   23.94 ,  -0.2954
   23.95 ,  -1.2672
   23.96 ,  -0.4297
   23.97 ,   0.0107
   23.98 ,  -1.6456
   23.99 ,  -0.5769
   24.00 ,  -0.4677
   24.01 ,  -0.9659
   24.02 ,  -0.4832
   24.03 ,  -1.7396
   24.04 ,  -0.8963
   24.05 ,  -1.0140
   24.06 ,  -0.3941
   24.07 ,  -0.9205
   24.08 ,  -0.4940
   24.09 ,  -0.3875
   24.10 ,  -1.0408
   24.11 ,  -1.1110
   24.12 ,  -0.5927
   24.13 ,  -1.0430
   24.14 ,  -0.5482
   24.15 ,  -0.9809
   24.16 ,  -0.3224
   24.17 ,  -0.7644
   24.18 ,  -1.5027
   24.19 ,  -0.4786
   24.20 ,  -1.7238
   24.21 ,  -1.3219
   24.22 ,  -0.8442
   24.23 ,  -1.8195
   24.24 ,  -1.7270
   24.25 ,  -1.8923
   24.26 ,  -1.6582
   24.27 ,  -1.3061
   24.28 ,  -1.0675
   24.29 ,  -1.6365
   24.30 ,  -1.2309
   24.31 ,  -1.5756
   24.32 ,  -2.8184
   24.33 ,  -1.7757
   24.34 ,  -1.7392
   24.35 ,  -2.5396
   24.36 ,  -2.5679
   24.37 ,  -1.2847
   24.38 ,  -1.9457
   24.39 ,  -1.8572
   24.40 ,  -2.6782
   24.41 ,  -2.6154
   24.42 ,  -2.2147
   24.43 ,  -2.5110
   24.44 ,  -2.5385
   24.45 ,  -1.9394
   24.46 ,  -1.5942
   24.47 ,  -2.3121
   24.48 ,  -2.4797
   24.49 ,  -2.6407
   24.50 ,  -1.8077
   24.51 ,  -1.5458
   24.52 ,  -2.4581
   24.53 ,  -2.2633
   24.54 ,  -2.6445
   24.55 ,  -1.9805
   24.56 ,  -2.5348
   24.57 ,  -1.1664
   24.58 ,  -2.3359
   24.59 ,  -1.6499
   24.60 ,  -1.7116
   24.61 ,  -1.8003
   24.62 ,  -2.2068
   24.63 ,  -2.1967
   24.64 ,  -2.3064
   24.65 ,  -2.1357
   24.66 ,  -1.8517
   24.67 ,  -2.3202
   24.68 ,  -1.3453
   24.69 ,  -2.0963
   24.70 ,  -1.6617
   24.71 ,  -2.6988
   24.72 ,  -1.3590
   24.73 ,  -2.4536
   24.74 ,  -2.0230
   24.75 ,  -2.2755
   24.76 ,  -1.7108
   24.77 ,  -1.7989
   24.78 ,  -2.3072
   24.79 ,  -1.0999
   24.80 ,  -2.0808
   24.81 ,  -1.5686
   24.82 ,  -1.3606
   24.83 ,  -1.9484
   24.84 ,  -2.0452
   24.85 ,  -1.5259
   24.86 ,  -1.1735
   24.87 ,  -1.3333
   24.88 ,  -1.0890
   24.89 ,  -1.0226
   24.90 ,  -1.6793
   24.91 ,  -2.6020
   24.92 ,  -1.7348
   24.93 ,  -1.6404
   24.94 ,  -1.1374
   24.95 ,  -1.5166
   24.96 ,  -1.4471
   24.97 ,  -1.1596
   24.98 ,  -1.5956
   24.99 ,  -0.3068
   25.00 ,  -1.5348
   25.01 ,  -0.3168
   25.02 ,  -0.1011
   25.03 ,  -1.0149
   25.04 ,  -1.0388
   25.05 ,  -1.1655
   25.06 ,  -0.0251
   25.07 ,  -1.2113
   25.08 ,  -0.3777
   25.09 ,  -1.4724
   25.10 ,  -0.5849
   25.11 ,  -0.2930
   25.12 ,  -0.2201
   25.13 ,  -0.3368
   25.14 ,  -0.6973
   25.15 ,  -1.0373
   25.16 ,  -0.6205
   25.17 ,  -0.0827
   25.18 ,  -0.6582
   25.19 ,  -0.1561
   25.20 ,  -0.6552
   25.21 ,  -0.2394
   25.22 ,  -0.5696
   25.23 ,  -0.1624
   25.24 ,  -0.9013
   25.25 ,  -0.4465
   25.26 ,  -0.1363
   25.27 ,  -0.0329
   25.28 ,  -0.0079
   25.29 ,  -0.5596
   25.30 ,   0.3693
   25.31 ,  -0.8911
   25.32 ,  -0.5253
   25.33 ,   0.4001
   25.34 ,  -0.1691
   25.35 ,   0.0948
   25.36 ,   0.3817
   25.37 ,   0.5628
   25.38 ,  -0.5129
   25.39 ,  -0.4079
   25.40 ,   0.3572
   25.41 ,   0.6759
   25.42 ,  -0.2260
   25.43 ,  -0.2831
   25.44 ,  -0.4453
   25.45 ,   0.4758
   25.46 ,  -0.2468
   25.47 ,  -0.1105
   25.48 ,   0.0274
   25.49 ,  -0.8103
   25.50 ,  -0.0411
   25.51 ,   0.4945
   25.52 ,  -0.5615
   25.53 ,   0.2392
   25.54 ,  -0.1765
   25.55 ,  -0.6128
   25.56 ,  -0.3142
   25.57 ,  -0.2909
   25.58 ,  -0.0026
   25.59 ,  -1.1143
   25.60 ,   0.4254
   25.61 ,  -0.5441
   25.62 ,  -0.0006
   25.63 ,  -0.8233
   25.64 ,  -0.5030
   25.65 ,  -0.5497
   25.66 ,  -0.4856
   25.67 ,  -0.1673
   25.68 ,  -0.4687
   25.69 ,  -0.6302
   25.70 ,  -0.1525
   25.71 ,  -0.1844
   25.72 ,  -0.6980
   25.73 ,  -1.1768
   25.74 ,  -0.9341
   25.75 ,  -0.6953
   25.76 ,  -1.0362
   25.77 ,  -1.0437
   25.78 ,  -1.9867
   25.79 ,  -0.2847
   25.80 ,  -1.1285
   25.81 ,  -1.1882
   25.82 ,  -0.3015
   25.83 ,  -1.2650
   25.84 ,  -0.8917
   25.85 ,  -1.0319
   25.86 ,  -1.3011
   25.87 ,  -1.2808
   25.88 ,  -0.8615
   25.89 ,  -1.1516
   25.90 ,  -1.7451
   25.91 ,  -1.4313
   25.92 ,  -0.1202
   25.93 ,  -1.6089
   25.94 ,  -1.7187
   25.95 ,  -0.6716
   25.96 ,  -1.7077
   25.97 ,  -1.1980
   25.98 ,  -1.7223
   25.99 ,  -2.2382
   26.00 ,  -2.0041
   26.01 ,  -1.0763
   26.02 ,  -1.5530
   26.03 ,  -1.7037
   26.04 ,  -1.3249
   26.05 ,  -1.9547
   26.06 ,  -1.4097
   26.07 ,  -1.5906
   26.08 ,  -1.8953
   26.09 ,  -2.1351
   26.10 ,  -1.5978
   26.11 ,  -1.2742
   26.12 ,  -2.2924
   26.13 ,  -1.0650
   26.14 ,  -1.5156
   26.15 ,  -1.9788
   26.16 ,  -1.7872
   26.17 ,  -2.0242
   26.18 ,  -1.8632
   26.19 ,  -1.1314
   26.20 ,  -1.7940
   26.21 ,  -1.6519
   26.22 ,  -1.7302
   26.23 ,  -1.8160
   26.24 ,  -1.3170
   26.25 ,  -1.9056
   26.26 ,  -1.5624
   26.27 ,  -2.1778
   26.28 ,  -1.1201
   26.29 ,  -2.0448
   26.30 ,  -1.8996
   26.31 ,  -2.1946
   26.32 ,  -1.8206
   26.33 ,  -2.1079
   26.34 ,  -2.2611
   26.35 ,  -1.2367
   26.36 ,  -1.6813
   26.37 ,  -1.6002
   26.38 ,  -1.4005
   26.39 ,  -1.6193
   26.40 ,  -1.4017
   26.41 ,  -1.1841
   26.42 ,  -0.8264
   26.43 ,  -1.2882
   26.44 ,  -1.3533
   26.45 ,  -1.3639
   26.46 ,  -1.2590
   26.47 ,  -0.2997
   26.48 ,  -1.0189
   26.49 ,  -1.0530
   26.50 ,  -0.8948
   26.51 ,  -0.9402
   26.52 ,  -0.7868
   26.53 ,  -0.9781
   26.54 ,  -1.3291
   26.55 ,  -1.0222
   26.56 ,  -0.8389
   26.57 ,  -1.3309
   26.58 ,  -0.6970
   26.59 ,  -0.5019
   26.60 ,  -0.6080
   26.61 ,  -0.6801
   26.62 ,   0.1401
   26.63 ,  -0.3349
   26.64 ,  -0.2584
   26.65 ,  -0.2591
   26.66 ,  -0.3017
   26.67 ,   0.5294
   26.68 ,  -0.2009
   26.69 ,   0.0141
   26.70 ,  -0.4295
   26.71 ,  -0.1491
   26.72 ,  -0.5452
   26.73 ,   0.0717
   26.74 ,   0.6391
   26.75 ,  -0.3577
   26.76 ,   0.4643
   26.77 ,   0.2637
   26.78 ,   0.3287
   26.79 ,  -0.4009
   26.80 ,  -0.0058
   26.81 ,  -0.1360
   26.82 ,  -0.0594
   26.83 ,   0.4471
   26.84 ,   0.3607
   26.85 ,   0.2757
   26.86 ,  -0.1127
   26.87 ,   0.3988
   26.88 ,  -0.2986
   26.89 ,  -0.2763
   26.90 ,  -0.1596
   26.91 ,   0.4275
   26.92 ,   0.7193
   26.93 ,   0.9926
   26.94 ,   0.2929
   26.95 ,   0.1598
   26.96 ,   0.3115
   26.97 ,   0.0843
   26.98 ,   0.5423
   26.99 ,   0.5110
   27.00 ,   0.3684
   27.01 ,   0.1776
   27.02 ,   0.2904
   27.03 ,   0.0939
   27.04 ,   0.7497
   27.05 ,   0.3009
   27.06 ,  -0.0729
   27.07 ,   0.1318
   27.08 ,  -0.1877
   27.09 ,   0.7254
   27.10 ,  -0.3718
   27.11 ,  -0.2031
   27.12 ,   0.3602
   27.13 ,  -0.3190
   27.14 ,   0.6206
   27.15 ,  -0.2053
   27.16 ,   0.9544
   27.17 ,   0.1683
   27.18 ,   0.0099
   27.19 ,   0.2671
   27.20 ,  -0.4371
   27.21 ,  -0.2643
   27.22 ,  -0.7440
   27.23 ,  -0.7589
   27.24 ,  -0.0900
   27.25 ,  -0.2822
   27.26 ,  -0.8830
   27.27 ,   0.4587
   27.28 ,  -1.3092
   27.29 ,  -0.8529
   27.30 ,  -0.3637
   27.31 ,  -0.6754
   27.32 ,  -1.3526
   27.33 ,  -0.0986
   27.34 ,  -0.8132
   27.35 ,  -0.3030
   27.36 ,  -0.3419
   27.37 ,  -0.6877
   27.38 ,  -0.3444
   27.39 ,  -0.3391
   27.40 ,  -0.4825
   27.41 ,  -0.1786
   27.42 ,  -0.1119
   27.43 ,  -1.2065
   27.44 ,  -1.2671
   27.45 ,  -0.5086
   27.46 ,  -0.4428
   27.47 ,  -0.9140
   27.48 ,  -1.1405
   27.49 ,  -1.3068
   27.50 ,  -2.0622
   27.51 ,  -1.5255
   27.52 ,  -1.5775
   27.53 ,  -0.7875
   27.54 ,  -1.2722
   27.55 ,  -1.4019
   27.56 ,  -1.5933
   27.57 ,  -0.9709
   27.58 ,  -1.5099
   27.59 ,  -1.4208
   27.60 ,  -1.0490
   27.61 ,  -1.3984
   27.62 ,  -1.1336
   27.63 ,  -1.6379
   27.64 ,  -1.9104
   27.65 ,  -1.6094
   27.66 ,  -1.2307
   27.67 ,  -2.0776
   27.68 ,  -1.5002
   27.69 ,  -1.8271
   27.70 ,  -1.4131
   27.71 ,  -1.5169
   27.72 ,  -1.5469
   27.73 ,  -1.9593
   27.74 ,  -1.1112
   27.75 ,  -1.2728
   27.76 ,  -1.7086
   27.77 ,  -1.6209
   27.78 ,  -1.9132
   27.79 ,  -2.0906
   27.80 ,  -1.9494
   27.81 ,  -1.2442
   27.82 ,  -1.5188
   27.83 ,  -1.3226
   27.84 ,  -1.7766
   27.85 ,  -1.4910
   27.86 ,  -2.0865
   27.87 ,  -1.6260
   27.88 ,  -1.1285
   27.89 ,  -1.8643
   27.90 ,  -1.0193
   27.91 ,  -1.5657
   27.92 ,  -1.6094
   27.93 ,  -1.5810
   27.94 ,  -1.6756
   27.95 ,  -1.3808
   27.96 ,  -1.3902
   27.97 ,  -1.2789
   27.98 ,  -1.0953
   27.99 ,  -1.5467
   28.00 ,  -0.8336
   28.01 ,  -1.1057
   28.02 ,  -1.8241
   28.03 ,  -1.8205
   28.04 ,  -1.7775
   28.05 ,  -0.0904
   28.06 ,  -1.8946
   28.07 ,  -1.1343
   28.08 ,  -0.8220
   28.09 ,  -0.1857
   28.10 ,  -0.7384
   28.11 ,  -1.1401
   28.12 ,  -0.5789
   28.13 ,  -0.6449
   28.14 ,  -1.6466
   28.15 ,  -1.5201
   28.16 ,  -0.6032
   28.17 ,  -1.7033
   28.18 ,  -0.9354
   28.19 ,  -0.5209
   28.20 ,  -0.5395
   28.21 ,  -0.5977
   28.22 ,  -0.9105
   28.23 ,   0.1268
   28.24 ,  -0.3955
   28.25 ,  -0.0888
   28.26 ,  -0.8284
   28.27 ,  -0.5258
   28.28 ,  -0.4636
   28.29 ,  -0.2456
   28.30 ,  -0.4917
   28.31 ,  -1.0683
   28.32 ,   0.0679
   28.33 ,   0.1815
   28.34 ,   0.1109
   28.35 ,  -0.4771
   28.36 ,   0.6141
   28.37 ,   0.0768
   28.38 ,   0.2997
   28.39 ,   0.3901
   28.40 ,  -0.3049
   28.41 ,   0.2342
   28.42 ,   0.0497
   28.43 ,  -0.1026
   28.44 ,  -0.3719
   28.45 ,  -0.2015
   28.46 ,  -0.4275
   28.47 ,   0.4113
   28.48 ,   0.5114
   28.49 ,   0.1934
   28.50 ,  -0.1469
   28.51 ,   0.0490
   28.52 ,   0.0972
   28.53 ,   0.5240
   28.54 ,   0.2139
   28.55 ,   0.2723
   28.56 ,   0.1198
   28.57 ,   0.1384
   28.58 ,   0.2587
   28.59 ,   0.0672
   28.60 ,   0.1487
   28.61 ,  -0.0679
   28.62 ,  -0.2260
   28.63 ,   0.5296
   28.64 ,   0.3850
   28.65 ,  -0.2053
   28.66 ,  -0.2671
   28.67 ,  -0.2935
   28.68 ,  -0.1288
   28.69 ,  -0.2449
   28.70 ,  -0.1113
   28.71 ,   0.0747
   28.72 ,  -0.4781
   28.73 ,  -0.4688
   28.74 ,  -0.0798
   28.75 ,  -0.6132
   28.76 ,  -0.0883
   28.77 ,  -0.5806
   28.78 ,   0.1886
   28.79 ,  -0.7460
   28.80 ,  -0.5967
   28.81 ,  -1.0543
   28.82 ,  -0.8724
   28.83 ,  -1.0718
   28.84 ,  -0.4045
   28.85 ,  -0.4775
   28.86 ,  -0.1311
   28.87 ,  -0.2701
   28.88 ,  -1.1771
   28.89 ,  -1.0384
   28.90 ,  -1.4052
   28.91 ,  -0.9289
   28.92 ,  -0.9575
   28.93 ,  -0.3537
   28.94 ,  -1.1289
   28.95 ,  -0.8540
   28.96 ,  -1.3985
   28.97 ,  -1.5715
   28.98 ,  -0.7455
   28.99 ,  -0.4088
   29.00 ,  -0.2364
   29.01 ,  -1.6935
   29.02 ,  -0.6270
   29.03 ,  -1.3799
   29.04 ,  -1.4498
   29.05 ,  -1.3915
   29.06 ,  -1.5853
   29.07 ,  -1.4917
   29.08 ,  -1.6922
   29.09 ,  -1.1666
   29.10 ,  -1.5233
   29.11 ,  -1.6175
   29.12 ,  -1.2803
   29.13 ,  -1.5421
   29.14 ,  -1.1003
   29.15 ,  -0.8114
   29.16 ,  -2.1923
   29.17 ,  -1.4586
   29.18 ,  -2.4227
   29.19 ,  -1.6047
   29.20 ,  -1.9059
   29.21 ,  -1.9722
   29.22 ,  -1.2720
   29.23 ,  -2.1727
   29.24 ,  -2.0956
   29.25 ,  -1.1298
   29.26 ,  -2.3184
   29.27 ,  -2.5970
   29.28 ,  -1.8852
   29.29 ,  -2.9807
   29.30 ,  -2.7012
   29.31 ,  -2.1965
   29.32 ,  -2.3157
   29.33 ,  -2.2428
   29.34 ,  -1.9320
   29.35 ,  -1.5566
   29.36 ,  -2.3020
   29.37 ,  -1.9813
   29.38 ,  -1.9194
   29.39 ,  -2.2000
   29.40 ,  -2.5446
   29.41 ,  -2.4731
   29.42 ,  -1.5941
   29.43 ,  -2.4672
   29.44 ,  -2.4643
   29.45 ,  -1.0353
   29.46 ,  -1.5597
   29.47 ,  -1.8653
   29.48 ,  -1.5695
   29.49 ,  -1.2320
   29.50 ,  -1.3463
   29.51 ,  -1.8184
   29.52 ,  -1.8558
   29.53 ,  -2.3449
   29.54 ,  -1.6086
   29.55 ,  -1.8149
   29.56 ,  -1.7908
   29.57 ,  -1.0386
   29.58 ,  -0.7837
   29.59 ,  -1.5162
   29.60 ,  -1.1446
   29.61 ,  -1.4956
   29.62 ,  -2.2942
   29.63 ,  -1.5787
   29.64 ,  -1.4324
   29.65 ,  -0.3871
   29.66 ,  -0.9948
   29.67 ,  -1.4872
   29.68 ,  -0.4337
   29.69 ,  -1.7027
   29.70 ,  -2.1318
   29.71 ,  -0.5763
   29.72 ,  -1.1131
   29.73 ,  -0.6840
   29.74 ,  -0.7310
   29.75 ,  -1.2907
   29.76 ,  -0.8178
   29.77 ,  -0.5959
   29.78 ,  -0.7188
   29.79 ,  -1.1537
   29.80 ,  -0.5587
   29.81 ,  -1.0625
   29.82 ,  -1.9611
   29.83 ,   0.0238
   29.84 ,  -1.0894
   29.85 ,  -1.2928
   29.86 ,  -0.6507
   29.87 ,  -0.7464
   29.88 ,  -0.8185
   29.89 ,  -0.4109
   29.90 ,  -0.7840
   29.91 ,  -0.7302
   29.92 ,  -1.1874
   29.93 ,  -1.6324
   29.94 ,  -0.7199
   29.95 ,  -0.1817
   29.96 ,  -0.6816
   29.97 ,  -0.4839
   29.98 ,  -0.0922
   29.99 ,  -0.3756
   30.00 ,   0.3693
   30.01 ,  -0.6483
   30.02 ,  -0.2644
   30.03 ,  -1.1851
   30.04 ,   0.0573
   30.05 ,  -0.6548
   30.06 ,  -0.5257
   30.07 ,  -0.7397
   30.08 ,   0.4660
   30.09 ,  -0.7980
   30.10 ,  -0.3655
   30.11 ,  -0.1715
   30.12 ,  -0.6062
   30.13 ,  -0.7389
   30.14 ,   0.0137
   30.15 ,  -0.0549
   30.16 ,  -0.7542
   30.17 ,   0.0630
   30.18 ,  -0.7077
   30.19 ,  -0.6325
   30.20 ,  -0.8966
   30.21 ,  -0.4525
   30.22 ,  -0.3506
   30.23 ,  -0.0152
   30.24 ,  -0.4915
   30.25 ,  -0.8583
   30.26 ,   0.3791
   30.27 ,  -0.3759
   30.28 ,  -0.4475
   30.29 ,  -1.3666
   30.30 ,  -1.1174
   30.31 ,  -1.0749
   30.32 ,  -0.9580
   30.33 ,  -0.8143
   30.34 ,  -0.6869
   30.35 ,  -0.8830
   30.36 ,  -0.7784
   30.37 ,  -1.1793
   30.38 ,  -1.0972
   30.39 ,  -0.4663
   30.40 ,  -1.5235
   30.41 ,  -1.2770
   30.42 ,  -1.6964
   30.43 ,  -0.7232
   30.44 ,  -1.0089
   30.45 ,  -1.5664
   30.46 ,  -1.3838
   30.47 ,  -1.8829
   30.48 ,  -2.2851
   30.49 ,  -0.7388
   30.50 ,  -1.6575
   30.51 ,  -1.7398
   30.52 ,  -1.9393
   30.53 ,  -1.0794
   30.54 ,  -1.8720
   30.55 ,  -1.3052
   30.56 ,  -1.3777
   30.57 ,  -1.4406
   30.58 ,  -2.2318
   30.59 ,  -2.3136
   30.60 ,  -2.2465
   30.61 ,  -1.3117
   30.62 ,  -1.9601
   30.63 ,  -0.7508
   30.64 ,  -2.0731
   30.65 ,  -2.5781
   30.66 ,  -2.0984
   30.67 ,  -1.5979
   30.68 ,  -2.1782
   30.69 ,  -1.9415
   30.70 ,  -2.3447
   30.71 ,  -1.9274
   30.72 ,  -2.4642
   30.73 ,  -1.7883
   30.74 ,  -2.8188
   30.75 ,  -2.5053
   30.76 ,  -2.9542
   30.77 ,  -2.1444
   30.78 ,  -2.0988
   30.79 ,  -2.8204
   30.80 ,  -2.2013
   30.81 ,  -2.3635
   30.82 ,  -1.5026
   30.83 ,  -1.4528
   30.84 ,  -2.3605
   30.85 ,  -1.9990
   30.86 ,  -2.7322
   30.87 ,  -2.5486
   30.88 ,  -2.5903
   30.89 ,  -2.1204
   30.90 ,  -2.6069
   30.91 ,  -2.5817
   30.92 ,  -2.4549
   30.93 ,  -2.9929
   30.94 ,  -2.7489
   30.95 ,  -1.8294
   30.96 ,  -3.0329
   30.97 ,  -2.4891
   30.98 ,  -2.3624
   30.99 ,  -2.4565
   31.00 ,  -2.1376
   31.01 ,  -2.4858
   31.02 ,  -3.0004
   31.03 ,  -2.2676
   31.04 ,  -2.2630
   31.05 ,  -3.0377
   31.06 ,  -1.7628
   31.07 ,  -1.6757
   31.08 ,  -2.6416
   31.09 ,  -1.6650
   31.10 ,  -2.0635
   31.11 ,  -2.0955
   31.12 ,  -2.1919
   31.13 ,  -2.2843
   31.14 ,  -1.8276
   31.15 ,  -1.8005
   31.16 ,  -2.0680
   31.17 ,  -3.0384
   31.18 ,  -1.4169
   31.19 ,  -1.5018
   31.20 ,  -2.8562
   31.21 ,  -0.7444
   31.22 ,  -1.9399
   31.23 ,  -2.4791
   31.24 ,  -2.1321
   31.25 ,  -1.7505
   31.26 ,  -0.6756
   31.27 ,  -0.8647
   31.28 ,  -1.8017
   31.29 ,  -1.5692
   31.30 ,  -1.5771
   31.31 ,  -1.3632
   31.32 ,  -1.5967
   31.33 ,  -1.6730
   31.34 ,  -1.3357
   31.35 ,  -1.4603
   31.36 ,  -1.2398
   31.37 ,  -1.2536
   31.38 ,  -1.6588
   31.39 ,  -1.9698
   31.40 ,  -0.8057
   31.41 ,  -0.8742
   31.42 ,  -1.9705
   31.43 ,  -1.9851
   31.44 ,  -1.3792
   31.45 ,  -1.5444
   31.46 ,  -0.9020
   31.47 ,  -1.3011
   31.48 ,  -0.9188
   31.49 ,  -0.9870
   31.50 ,  -0.6271
   31.51 ,  -1.0050
   31.52 ,  -1.1353
   31.53 ,  -1.5349
   31.54 ,  -0.6223
   31.55 ,  -0.9360
   31.56 ,  -0.7597
   31.57 ,  -0.8117
   31.58 ,  -0.2813
   31.59 ,  -0.8672
   31.60 ,  -0.8989
   31.61 ,  -1.2063
   31.62 ,  -1.1489
   31.63 ,  -1.0274
   31.64 ,   0.0771
   31.65 ,  -0.8303
   31.66 ,  -0.9672
   31.67 ,  -1.0263
   31.68 ,  -0.5996
   31.69 ,  -1.0190
   31.70 ,  -1.0383
   31.71 ,  -0.2171
   31.72 ,  -0.6801
   31.73 ,  -1.4921
   31.74 ,  -1.4392
   31.75 ,  -0.9213
   31.76 ,  -0.4587
   31.77 ,  -1.3714
   31.78 ,  -0.1387
   31.79 ,  -0.4717
   31.80 ,  -1.2391
   31.81 ,  -0.7002
   31.82 ,  -1.1204
   31.83 ,  -1.1419
   31.84 ,  -0.6780
   31.85 ,  -1.4774
   31.86 ,  -0.8627
   31.87 ,  -1.5909
   31.88 ,  -0.6973
   31.89 ,  -1.1692
   31.90 ,  -1.6660
   31.91 ,  -1.0869
   31.92 ,  -1.5981
   31.93 ,  -1.1142
   31.94 ,  -1.0830
   31.95 ,  -1.8616
   31.96 ,  -1.6815
   31.97 ,  -1.4519
   31.98 ,  -1.4241
   31.99 ,  -1.6481
   32.00 ,  -1.6538
   32.01 ,  -1.3983
   32.02 ,  -1.1037
   32.03 ,  -1.1786
   32.04 ,  -1.8765
   32.05 ,  -2.4703
   32.06 ,  -1.1391
   32.07 ,  -0.5070
   32.08 ,  -2.0214
   32.09 ,  -2.4389
   32.10 ,  -1.7607
   32.11 ,  -1.7641
   32.12 ,  -2.4718
   32.13 ,  -2.4259
   32.14 ,  -2.0086
   32.15 ,  -1.6684
   32.16 ,  -2.3350
   32.17 ,  -1.5083
   32.18 ,  -2.4102
   32.19 ,  -1.7459
   32.20 ,  -2.0712
   32.21 ,  -2.0104
   32.22 ,  -2.0555
   32.23 ,  -2.4258
   32.24 ,  -2.2173
   32.25 ,  -2.8017
   32.26 ,  -2.1478
   32.27 ,  -2.3132
   32.28 ,  -3.2438
   32.29 ,  -1.7347
   32.30 ,  -2.5278
   32.31 ,  -2.0397
   32.32 ,  -2.5182
   32.33 ,  -2.6479
   32.34 ,  -2.1934
   32.35 ,  -2.7822
   32.36 ,  -3.3167
   32.37 ,  -3.1416
   32.38 ,  -3.2930
   32.39 ,  -2.5313
   32.40 ,  -2.8801
   32.41 ,  -3.0054
   32.42 ,  -2.8210
   32.43 ,  -2.7111
   32.44 ,  -2.6778
   32.45 ,  -2.6982
   32.46 ,  -3.1688
   32.47 ,  -2.9788
   32.48 ,  -2.6409
   32.49 ,  -2.5793
   32.50 ,  -2.9385
   32.51 ,  -2.1626
   32.52 ,  -3.3317
   32.53 ,  -2.7595
   32.54 ,  -2.4685
   32.55 ,  -2.8084
   32.56 ,  -3.0428
   32.57 ,  -2.6891
   32.58 ,  -2.7683
   32.59 ,  -2.4339
   32.60 ,  -1.8738
   32.61 ,  -2.1159
   32.62 ,  -3.1613
   32.63 ,  -2.4788
   32.64 ,  -1.9242
   32.65 ,  -2.3448
   32.66 ,  -3.0104
   32.67 ,  -2.3388
   32.68 ,  -2.3954
   32.69 ,  -2.7697
   32.70 ,  -2.6513
   32.71 ,  -2.7979
   32.72 ,  -2.3940
   32.73 ,  -2.3341
   32.74 ,  -2.8766
   32.75 ,  -2.4221
   32.76 ,  -2.4983
   32.77 ,  -2.7945
   32.78 ,  -2.7043
   32.79 ,  -2.5031
   32.80 ,  -2.2319
   32.81 ,  -2.2267
   32.82 ,  -2.0962
   32.83 ,  -1.5498
   32.84 ,  -2.9258
   32.85 ,  -1.6352
   32.86 ,  -2.0362
   32.87 ,  -1.4015
   32.88 ,  -1.5175
   32.89 ,  -1.5310
   32.90 ,  -1.0438
   32.91 ,  -1.9670
   32.92 ,  -1.7908
   32.93 ,  -2.3951
   32.94 ,  -1.9066
   32.95 ,  -1.8303
   32.96 ,  -1.5335
   32.97 ,  -0.9398
   32.98 ,  -1.0847
   32.99 ,  -1.6433
   33.00 ,  -1.9172
   33.01 ,  -0.6266
   33.02 ,  -1.7430
   33.03 ,  -0.9926
   33.04 ,  -0.9241
   33.05 ,  -1.0524
   33.06 ,  -0.2764
   33.07 ,  -0.7336
   33.08 ,  -1.0689
   33.09 ,  -1.0945
   33.10 ,  -0.8421
   33.11 ,  -1.0364
   33.12 ,  -0.8698
   33.13 ,  -1.6207
   33.14 ,  -1.4324
   33.15 ,  -1.1255
   33.16 ,  -0.5197
   33.17 ,  -0.2638
   33.18 ,  -0.8948
   33.19 ,  -0.7495
   33.20 ,  -0.5281
   33.21 ,  -0.8128
   33.22 ,  -0.6993
   33.23 ,  -0.6789
   33.24 ,  -1.2725
   33.25 ,  -0.1295
   33.26 ,  -0.0585
   33.27 ,  -0.6382
   33.28 ,  -0.4167
   33.29 ,  -0.6298
   33.30 ,  -0.1237
   33.31 ,  -0.3298
   33.32 ,  -0.7774
   33.33 ,  -0.6698
   33.34 ,  -0.8520
   33.35 ,  -0.4008
   33.36 ,  -0.9465
   33.37 ,  -0.6343
   33.38 ,  -0.8539
   33.39 ,  -1.1990
   33.40 ,  -0.5293
   33.41 ,  -1.5068
   33.42 ,  -0.6670
   33.43 ,  -1.0647
   33.44 ,  -0.0678
   33.45 ,  -0.3596
   33.46 ,  -1.5830
   33.47 ,  -0.7178
   33.48 ,  -0.6703
   33.49 ,  -1.4867
   33.50 ,  -1.4223
   33.51 ,  -1.4624
   33.52 ,  -0.8441
   33.53 ,  -0.9886
   33.54 ,  -1.2270
   33.55 ,  -1.5293
   33.56 ,  -0.5425
   33.57 ,  -2.2032
   33.58 ,  -1.5310
   33.59 ,  -1.7240
   33.60 ,  -1.4713
   33.61 ,  -1.8989
   33.62 ,  -1.9118
   33.63 ,  -1.3571
   33.64 ,  -1.4068
   33.65 ,  -2.0589
   33.66 ,  -1.3849
   33.67 ,  -2.2666
   33.68 ,  -1.2832
   33.69 ,  -1.6726
   33.70 ,  -1.4679
   33.71 ,  -1.8769
   33.72 ,  -2.0331
   33.73 ,  -2.1834
   33.74 ,  -1.6676
   33.75 ,  -2.4281
   33.76 ,  -1.2926
   33.77 ,  -1.9503
   33.78 ,  -2.4086
   33.79 ,  -2.4374
   33.80 ,  -1.8415
   33.81 ,  -1.8825
   33.82 ,  -2.1371
   33.83 ,  -1.9668
   33.84 ,  -2.0726
   33.85 ,  -2.5427
   33.86 ,  -2.6628
   33.87 ,  -2.1292
   33.88 ,  -2.0361
   33.89 ,  -2.4514
   33.90 ,  -2.3741
   33.91 ,  -2.5528
   33.92 ,  -2.2069
   33.93 ,  -2.5624
   33.94 ,  -2.5423
   33.95 ,  -2.8835
   33.96 ,  -2.4832
   33.97 ,  -2.6314
   33.98 ,  -2.2015
   33.99 ,  -2.5300
   34.00 ,  -2.1367
   34.01 ,  -2.3380
   34.02 ,  -2.4456
   34.03 ,  -2.5807
   34.04 ,  -2.3976
   34.05 ,  -2.5846
   34.06 ,  -2.1919
   34.07 ,  -2.4495
   34.08 ,  -3.1662
   34.09 ,  -2.0858
   34.10 ,  -2.8568
   34.11 ,  -2.5391
   34.12 ,  -2.6727
   34.13 ,  -2.5337
   34.14 ,  -2.2826
   34.15 ,  -2.6014
   34.16 ,  -2.2329
   34.17 ,  -1.7090
   34.18 ,  -2.0525
   34.19 ,  -2.4547
   34.20 ,  -2.4876
   34.21 ,  -1.8386
   34.22 ,  -2.7053
   34.23 ,  -1.8981
   34.24 ,  -1.9382
   34.25 ,  -1.8198
   34.26 ,  -2.1748
   34.27 ,  -1.8537
   34.28 ,  -1.7622
   34.29 ,  -1.8769
   34.30 ,  -1.9750
   34.31 ,  -1.7432
   34.32 ,  -1.5846
   34.33 ,  -2.3381
   34.34 ,  -1.5543
   34.35 ,  -1.6693
   34.36 ,  -1.7066
   34.37 ,  -0.7972
   34.38 ,  -0.6553
   34.39 ,  -1.7469
   34.40 ,  -1.1746
   34.41 ,  -1.7209
   34.42 ,  -1.5974
   34.43 ,  -0.9482
   34.44 ,  -1.7116
   34.45 ,  -1.7266
   34.46 ,  -0.6620
   34.47 ,  -1.9469
   34.48 ,  -1.3552
   34.49 ,  -0.3496
   34.50 ,  -0.9987
   34.51 ,  -0.9617
   34.52 ,  -0.4950
   34.53 ,  -1.1714
   34.54 ,  -0.7864
   34.55 ,  -1.5877
   34.56 ,  -0.3844
   34.57 ,  -0.5730
   34.58 ,  -0.7547
   34.59 ,  -0.8560
   34.60 ,  -0.9748
   34.61 ,  -0.8430
   34.62 ,  -0.1046
   34.63 ,  -1.0005
   34.64 ,   0.2352
   34.65 ,  -0.9170
   34.66 ,  -0.7443
   34.67 ,  -0.6618
   34.68 ,  -0.8065
   34.69 ,  -0.6758
   34.70 ,  -0.8432
   34.71 ,   0.1468
   34.72 ,   0.0783
   34.73 ,  -0.2795
   34.74 ,  -0.4752
   34.75 ,   0.0989
   34.76 ,  -0.0420
   34.77 ,  -0.2923
   34.78 ,  -0.4973
   34.79 ,  -0.4291
   34.80 ,  -0.3512
   34.81 ,  -0.6315
   34.82 ,  -0.2813
   34.83 ,  -0.0084
   34.84 ,   0.0472
   34.85 ,   0.2619
   34.86 ,   0.0272
   34.87 ,  -0.0136
   34.88 ,   0.0430
   34.89 ,  -0.0407
   34.90 ,  -0.8609
   34.91 ,   0.2295
   34.92 ,   0.2419
   34.93 ,  -0.4237
   34.94 ,  -0.2136
   34.95 ,   0.0732
   34.96 ,  -0.6284
   34.97 ,  -0.1349
   34.98 ,   0.0797
   34.99 ,  -0.6604
   35.00 ,  -1.1888
   35.01 ,  -0.5569
   35.02 ,   0.0828
   35.03 ,  -0.0585
   35.04 ,  -0.4976
   35.05 ,  -0.6350
   35.06 ,  -0.3865
   35.07 ,  -0.5754
   35.08 ,   0.1837
   35.09 ,  -1.2247
   35.10 ,  -0.9248
   35.11 ,  -0.2561
   35.12 ,  -0.9500
   35.13 ,  -1.1451
   35.14 ,  -0.8196
   35.15 ,  -0.5242
   35.16 ,  -0.7750
   35.17 ,   0.0306
   35.18 ,  -1.3173
   35.19 ,  -1.0255
   35.20 ,  -0.8923
   35.21 ,  -1.1844
   35.22 ,  -0.5892
   35.23 ,  -1.0567
   35.24 ,  -1.3572
   35.25 ,  -0.4643
   35.26 ,  -0.8617
   35.27 ,  -1.2722
   35.28 ,  -1.6610
   35.29 ,  -1.6254
   35.30 ,  -0.3371
   35.31 ,  -1.4754
   35.32 ,  -1.3941
   35.33 ,  -0.9797
   35.34 ,  -1.6407
   35.35 ,  -1.4928
   35.36 ,  -0.9799
   35.37 ,  -1.5321
   35.38 ,  -0.6016
   35.39 ,  -1.0077
   35.40 ,  -1.5688
   35.41 ,  -1.1874
   35.42 ,  -1.1771
   35.43 ,  -0.8648
   35.44 ,  -1.0652
   35.45 ,  -1.8017
   35.46 ,  -0.9756
   35.47 ,  -0.5573
   35.48 ,  -1.2405
   35.49 ,  -1.3440
   35.50 ,  -1.8057
   35.51 ,  -1.1837
   35.52 ,  -1.2038
   35.53 ,  -1.8024
   35.54 ,  -1.0226
   35.55 ,  -1.7455
   35.56 ,  -1.1876
   35.57 ,  -2.1059
   35.58 ,  -1.9231
   35.59 ,  -2.0906
   35.60 ,  -2.1986
   35.61 ,  -2.0225
   35.62 ,  -1.9993
   35.63 ,  -1.7282
   35.64 ,  -1.8499
   35.65 ,  -1.3384
   35.66 ,  -2.0999
   35.67 ,  -1.4499
   35.68 ,  -1.8651
   35.69 ,  -0.6693
   35.70 ,  -1.3936
   35.71 ,  -1.0949
   35.72 ,  -1.2681
   35.73 ,  -1.1994
   35.74 ,  -1.0185
   35.75 ,  -1.5527
   35.76 ,  -1.1205
   35.77 ,  -1.5649
   35.78 ,  -0.8952
   35.79 ,  -1.6668
   35.80 ,  -1.0723
   35.81 ,  -0.2294
   35.82 ,  -1.1489
   35.83 ,  -1.4970
   35.84 ,  -1.0620
   35.85 ,  -0.5734
   35.86 ,  -0.6875
   35.87 ,  -0.8339
   35.88 ,  -0.1812
   35.89 ,  -0.7516
   35.90 ,  -1.1033
   35.91 ,  -0.6788
   35.92 ,  -0.1227
   35.93 ,  -0.5923
   35.94 ,  -0.3009
   35.95 ,  -0.3385
   35.96 ,  -0.1418
   35.97 ,  -0.3938
   35.98 ,  -1.2710
   35.99 ,  -0.1034
   36.00 ,  -0.2816
   36.01 ,   0.4492
   36.02 ,  -0.5481
   36.03 ,  -0.0976
   36.04 ,  -0.3662
   36.05 ,   0.6703
   36.06 ,   0.3634
   36.07 ,  -0.6918
   36.08 ,  -0.6255
   36.09 ,   0.1885
   36.10 ,  -0.1265
   36.11 ,   0.0388
   36.12 ,   0.7280
   36.13 ,  -0.0891
   36.14 ,   0.4047
   36.15 ,   0.4809
   36.16 ,   0.4990
   36.17 ,   0.7228
   36.18 ,   0.6844
   36.19 ,   0.1648
   36.20 ,   0.6296
   36.21 ,   0.0965
   36.22 ,  -0.1129
   36.23 ,   0.8028
   36.24 ,   0.8683
   36.25 ,   1.0829
   36.26 ,   0.6087
   36.27 ,   1.1620
   36.28 ,   0.4164
   36.29 ,   1.1179
   36.30 ,   0.7992
   36.31 ,   0.5647
   36.32 ,   0.8158
   36.33 ,   1.3206
   36.34 ,   0.7395
   36.35 ,   0.4106
   36.36 ,   1.1949
   36.37 ,   0.3698
   36.38 ,   0.5325
   36.39 ,   0.4753
   36.40 ,   0.9011
   36.41 ,   0.7412
   36.42 ,   1.0072
   36.43 ,   0.7422
   36.44 ,   1.3144
   36.45 ,   1.2413
   36.46 ,   0.6859
   36.47 ,   1.2520
   36.48 ,   1.3014
   36.49 ,   1.5469
   36.50 ,   0.3303
   36.51 ,   0.4040
   36.52 ,   0.5654
   36.53 ,   0.7244
   36.54 ,   1.1204
   36.55 ,   1.3660
   36.56 ,   1.1959
   36.57 ,   0.7455
   36.58 ,   0.4858
   36.59 ,   0.5983
   36.60 ,   0.7521
   36.61 ,   0.8270
   36.62 ,   1.5721
   36.63 ,   0.2784
   36.64 ,   0.8636
   36.65 ,   1.0029
   36.66 ,   1.4624
   36.67 ,   0.2864
   36.68 ,   0.6625
   36.69 ,   0.3264
   36.70 ,  -0.1434
   36.71 ,   0.1202
   36.72 ,   1.0068
   36.73 ,   0.5339
   36.74 ,   1.0565
   36.75 ,  -0.5898
   36.76 ,   0.1406
   36.77 ,   0.4443
   36.78 ,   0.8630
   36.79 ,   0.7977
   36.80 ,   0.5133
   36.81 ,  -0.5372
   36.82 ,   0.6318
   36.83 ,  -0.4977
   36.84 ,   0.3021
   36.85 ,   0.4473
   36.86 ,   0.1387
   36.87 ,   0.8236
   36.88 ,  -0.1007
   36.89 ,   0.8562
   36.90 ,   0.6624
   36.91 ,  -0.4026
   36.92 ,  -0.7035
   36.93 ,   0.5281
   36.94 ,  -0.3920
   36.95 ,  -0.0868
   36.96 ,   0.0226
   36.97 ,  -0.3175
   36.98 ,  -0.5107
   36.99 ,  -0.6336
   37.00 ,  -0.7968
   37.01 ,  -0.0978
   37.02 ,  -0.6313
   37.03 ,  -0.8135
   37.04 ,  -0.0995
   37.05 ,  -0.6512
   37.06 ,  -0.1833
   37.07 ,  -0.2343
   37.08 ,  -0.3950
   37.09 ,  -0.2074
   37.10 ,  -1.0683
   37.11 ,  -0.2616
   37.12 ,  -1.0580
   37.13 ,   0.1360
   37.14 ,  -0.8738
   37.15 ,  -0.7177
   37.16 ,  -1.1990
   37.17 ,  -0.5051
   37.18 ,  -0.5513
   37.19 ,  -0.2391
   37.20 ,  -0.0329
   37.21 ,  -0.3391
   37.22 ,  -1.0908
   37.23 ,  -0.2969
   37.24 ,  -0.6129
   37.25 ,  -0.7166
   37.26 ,   0.2628
   37.27 ,   0.2284
   37.28 ,   0.6551
   37.29 ,  -0.3577
   37.30 ,  -0.2084
   37.31 ,  -0.1754
   37.32 ,  -0.2984
   37.33 ,   0.0257
   37.34 ,  -0.6764
   37.35 ,   0.3281
   37.36 ,   0.5735
   37.37 ,   0.0787
   37.38 ,   0.5984
   37.39 ,   0.6036
   37.40 ,   0.3192
   37.41 ,  -0.1724
   37.42 ,   0.2019
   37.43 ,  -0.5629
   37.44 ,  -0.7330
   37.45 ,   0.1068
   37.46 ,  -0.1258
   37.47 ,   1.5991
   37.48 ,   1.6327
   37.49 ,   0.5639
   37.50 ,   1.0313
   37.51 ,   0.2476
   37.52 ,   0.3456
   37.53 ,   0.2338
   37.54 ,   0.2011
   37.55 ,   0.3475
   37.56 ,   0.8123
   37.57 ,   1.4234
   37.58 ,   0.8028
   37.59 ,   1.1995
   37.60 ,   0.6158
   37.61 ,   1.3015
   37.62 ,   0.9937
   37.63 ,   1.4502
   37.64 ,   1.1453
   37.65 ,   1.0989
   37.66 ,   0.4733
   37.67 ,   2.0567
   37.68 ,   0.6930
   37.69 ,   1.4530
   37.70 ,   1.5779
   37.71 ,   1.7764
   37.72 ,   0.8200
   37.73 ,   0.4716
   37.74 ,   1.4940
   37.75 ,   1.2796
   37.76 ,   1.7106
   37.77 ,   2.1815
   37.78 ,   2.3230
   37.79 ,   1.1210
   37.80 ,   2.3523
   37.81 ,   2.1866
   37.82 ,   1.9817
   37.83 ,   1.8413
   37.84 ,   1.1797
   37.85 ,   2.4335
   37.86 ,   1.5053
   37.87 ,   2.0474
   37.88 ,   1.6696
   37.89 ,   1.9154
   37.90 ,   2.1510
   37.91 ,   2.8049
   37.92 ,   1.8960
   37.93 ,   2.1306
   37.94 ,   2.1044
   37.95 ,   2.0032
   37.96 ,   1.8139
   37.97 ,   2.0189
   37.98 ,   2.0633
   37.99 ,   1.3493
   38.00 ,   1.6547
   38.01 ,   2.7917
   38.02 ,   2.0408
   38.03 ,   1.2327
   38.04 ,   2.5383
   38.05 ,   1.9197
   38.06 ,   1.9920
   38.07 ,   1.5197
   38.08 ,   2.4080
   38.09 ,   2.4839
   38.10 ,   2.0937
   38.11 ,   2.0379
   38.12 ,   1.8826
   38.13 ,   1.3771
   38.14 ,   1.7219
   38.15 ,   2.3472
   38.16 ,   1.3990
   38.17 ,   2.7144
   38.18 ,   2.0779
   38.19 ,   2.2053
   38.20 ,   1.8788
   38.21 ,   1.4980
   38.22 ,   1.7229
   38.23 ,   1.6152
   38.24 ,   1.5618
   38.25 ,   2.0694
   38.26 ,   1.8485
   38.27 ,   1.0419
   38.28 ,   1.1747
   38.29 ,   1.2310
   38.30 ,   1.1653
   38.31 ,   1.8435
   38.32 ,   1.4099
   38.33 ,   2.3497
   38.34 ,   0.5267
   38.35 ,   1.8917
   38.36 ,   1.4480
   38.37 ,   1.1172
   38.38 ,   1.0131
   38.39 ,   1.0520
   38.40 ,   0.5982
   38.41 ,   1.3800
   38.42 ,   1.2723
   38.43 ,   2.2310
   38.44 ,   1.5483
   38.45 ,   0.3699
   38.46 ,   0.8669
   38.47 ,   0.5267
   38.48 ,   1.2410
   38.49 ,   0.9182
   38.50 ,   0.6493
   38.51 ,   0.9000
   38.52 ,   0.5674
   38.53 ,   0.8523
   38.54 ,   0.9057
   38.55 ,   0.3759
   38.56 ,   0.5079
   38.57 ,   1.0013
   38.58 ,   0.5733
   38.59 ,   1.0599
   38.60 ,   0.9900
   38.61 ,   1.2115
   38.62 ,   0.1063
   38.63 ,   1.0815
   38.64 ,   0.7710
   38.65 ,   0.2196
   38.66 ,   1.2256
   38.67 ,   0.8589
   38.68 ,   0.8767
   38.69 ,   0.7354
   38.70 ,   1.3473
   38.71 ,   1.1690
   38.72 ,   0.0890
   38.73 ,   0.5452
   38.74 ,   0.8954
   38.75 ,   1.4206
   38.76 ,   1.0600
   38.77 ,   0.2075
   38.78 ,   0.6902
   38.79 ,   0.8088
   38.80 ,   1.0586
   38.81 ,   1.0743
   38.82 ,   1.2745
   38.83 ,   1.6369
   38.84 ,   0.7642
   38.85 ,   0.7008
   38.86 ,   0.9306
   38.87 ,   0.8831
   38.88 ,   0.8261
   38.89 ,   0.5797
   38.90 ,   1.0486
   38.91 ,   0.9337
   38.92 ,   0.2665
   38.93 ,   1.2241
   38.94 ,   0.9854
   38.95 ,   0.5663
   38.96 ,   1.3058
   38.97 ,   1.0993
   38.98 ,   1.6121
   38.99 ,   1.3602
   39.00 ,   0.8567
   39.01 ,   1.0706
   39.02 ,   1.1323
   39.03 ,   2.0734
   39.04 ,   1.3060
   39.05 ,   1.3070
   39.06 ,   1.2584
   39.07 ,   1.0415
   39.08 ,   1.3540
   39.09 ,   1.8492
   39.10 ,   1.6709
   39.11 ,   2.2090
   39.12 ,   1.5344
   39.13 ,   2.7631
   39.14 ,   1.2653
   39.15 ,   1.4019
   39.16 ,   2.0831
   39.17 ,   1.5118
   39.18 ,   1.9332
   39.19 ,   1.4599
   39.20 ,   1.8219
   39.21 ,   2.5836
   39.22 ,   2.9013
   39.23 ,   2.1448
   39.24 ,   2.4206
   39.25 ,   2.2438
   39.26 ,   2.1446
   39.27 ,   2.5776
   39.28 ,   2.0557
   39.29 ,   1.8960
   39.30 ,   1.8422
   39.31 ,   1.9463
   39.32 ,   2.0209
   39.33 ,   2.2828
   39.34 ,   2.0160
   39.35 ,   2.6648
   39.36 ,   2.2665
   39.37 ,   2.2290
   39.38 ,   3.0047
   39.39 ,   3.0027
   39.40 ,   3.1881
   39.41 ,   2.9121
   39.42 ,   2.5200
   39.43 ,   2.8481
   39.44 ,   3.1185
   39.45 ,   3.2681
   39.46 ,   2.5496
   39.47 ,   2.8904
   39.48 ,   2.4755
   39.49 ,   2.7864
   39.50 ,   2.4160
   39.51 ,   3.0085
   39.52 ,   2.4182
   39.53 ,   3.2668
   39.54 ,   2.6072
   39.55 ,   3.4043
   39.56 ,   3.2230
   39.57 ,   2.4959
   39.58 ,   3.0377
   39.59 ,   2.8838
   39.60 ,   2.8022
   39.61 ,   3.2742
   39.62 ,   2.6013
   39.63 ,   3.0056
   39.64 ,   2.7074
   39.65 ,   2.3800
   39.66 ,   2.3836
   39.67 ,   2.5794
   39.68 ,   2.4324
   39.69 ,   2.8686
   39.70 ,   2.8578
   39.71 ,   3.0696
   39.72 ,   3.0349
   39.73 ,   2.6573
   39.74 ,   2.8605
   39.75 ,   2.7243
   39.76 ,   2.3608
   39.77 ,   1.5022
   39.78 ,   1.4421
   39.79 ,   3.3300
   39.80 ,   2.6350
   39.81 ,   2.3071
   39.82 ,   3.1232
   39.83 ,   2.0448
   39.84 ,   2.2902
   39.85 ,   2.5632
   39.86 ,   2.1290
   39.87 ,   2.9581
   39.88 ,   2.6212
   39.89 ,   1.3829
   39.90 ,   2.5507
   39.91 ,   2.0624
   39.92 ,   1.8619
   39.93 ,   2.2134
   39.94 ,   2.5446
   39.95 ,   2.0433
   39.96 ,   2.6293
   39.97 ,   1.0783
   39.98 ,   2.2082
   39.99 ,   2.0271
